,bucket,delay,delayTime,duration,start,end
0,pv.insight.nrel,PVO/PVOutput/10010.csv,5,5.01,1660853603.8931835,1660853608.8986018
0,pv.insight.nrel,PVO/PVOutput/10010.csv,5,5.01,1660853604.4661562,1660853609.4715264
0,pv.insight.nrel,PVO/PVOutput/10010.csv,5,5.01,1660853604.9562075,1660853609.9615843
0,pv.insight.nrel,PVO/PVOutput/10010.csv,5,5.01,1660853605.4465137,1660853610.4518936
0,pv.insight.nrel,PVO/PVOutput/10010.csv,5,5.0,1660853605.927589,1660853610.9295526
0,pv.insight.nrel,PVO/PVOutput/10010.csv,5,5.0,1660853606.3943095,1660853611.3982294
0,pv.insight.nrel,PVO/PVOutput/10010.csv,5,5.0,1660853606.8844616,1660853611.889347
0,pv.insight.nrel,PVO/PVOutput/10010.csv,5,5.01,1660853607.3595448,1660853612.3645508
0,pv.insight.nrel,PVO/PVOutput/10010.csv,5,5.01,1660853607.9226599,1660853612.9280953
0,pv.insight.nrel,PVO/PVOutput/10010.csv,5,5.0,1660853608.4188507,1660853613.4229739
0,pv.insight.nrel,PVO/PVOutput/10010.csv,5,5.0,1660853608.9361637,1660853613.9388897
0,pv.insight.nrel,PVO/PVOutput/10010.csv,5,5.01,1660853609.381431,1660853614.3869092
0,pv.insight.nrel,PVO/PVOutput/10010.csv,5,5.01,1660853609.865382,1660853614.8708427
0,pv.insight.nrel,PVO/PVOutput/10010.csv,5,5.01,1660853610.3621063,1660853615.3675408
0,pv.insight.nrel,PVO/PVOutput/10010.csv,5,5.01,1660853610.8242612,1660853615.829673
0,pv.insight.nrel,PVO/PVOutput/10010.csv,5,5.0,1660853611.2974672,1660853616.300257
0,pv.insight.nrel,PVO/PVOutput/10010.csv,5,5.0,1660853611.7635653,1660853616.76489
0,pv.insight.nrel,PVO/PVOutput/10010.csv,5,5.01,1660853612.2371569,1660853617.2426634
0,pv.insight.nrel,PVO/PVOutput/10010.csv,5,5.01,1660853612.6996322,1660853617.7050378
0,pv.insight.nrel,PVO/PVOutput/10010.csv,5,5.0,1660853613.2588973,1660853618.2620347
0,pv.insight.nrel,PVO/PVOutput/10010.csv,5,5.0,1660853613.718191,1660853618.7223935
0,pv.insight.nrel,PVO/PVOutput/10010.csv,5,5.01,1660853614.2111998,1660853619.2162604
0,pv.insight.nrel,PVO/PVOutput/10010.csv,5,5.01,1660853614.6935852,1660853619.6990232
0,pv.insight.nrel,PVO/PVOutput/10010.csv,5,5.01,1660853615.245727,1660853620.2512867
0,pv.insight.nrel,PVO/PVOutput/10010.csv,5,5.01,1660853615.8065298,1660853620.8119032
0,pv.insight.nrel,PVO/PVOutput/10010.csv,5,5.0,1660853616.2975955,1660853621.3001332
0,pv.insight.nrel,PVO/PVOutput/10010.csv,5,5.0,1660853616.7798064,1660853621.7846582
0,pv.insight.nrel,PVO/PVOutput/10010.csv,5,5.0,1660853617.3233895,1660853622.3269453
0,pv.insight.nrel,PVO/PVOutput/10010.csv,5,5.0,1660853617.8304791,1660853622.832164
0,pv.insight.nrel,PVO/PVOutput/10010.csv,5,5.01,1660853618.3067248,1660853623.3120656
0,pv.insight.nrel,PVO/PVOutput/10010.csv,5,5.01,1660853618.8027067,1660853623.8080919
0,pv.insight.nrel,PVO/PVOutput/10010.csv,5,5.01,1660853619.2978227,1660853624.303291
0,pv.insight.nrel,PVO/PVOutput/10010.csv,5,5.01,1660853619.359921,1660853624.3653023
0,pv.insight.nrel,PVO/PVOutput/10010.csv,5,5.01,1660853619.8644214,1660853624.8697507
0,pv.insight.nrel,PVO/PVOutput/10010.csv,5,5.0,1660853623.3790944,1660853628.3822415
0,pv.insight.nrel,PVO/PVOutput/10010.csv,5,5.01,1660853623.8590326,1660853628.8640685
0,pv.insight.nrel,PVO/PVOutput/10010.csv,5,5.01,1660853624.4437826,1660853629.4492097
0,pv.insight.nrel,PVO/PVOutput/10010.csv,5,5.01,1660853624.975904,1660853629.9813616
0,pv.insight.nrel,PVO/PVOutput/10010.csv,5,5.01,1660853625.441074,1660853630.446526
0,pv.insight.nrel,PVO/PVOutput/10010.csv,5,5.0,1660853625.913228,1660853630.9161198
0,pv.insight.nrel,PVO/PVOutput/10010.csv,5,5.0,1660853626.3968,1660853631.3990645
0,pv.insight.nrel,PVO/PVOutput/10010.csv,5,5.01,1660853626.8798852,1660853631.8852687
0,pv.insight.nrel,PVO/PVOutput/10010.csv,5,5.01,1660853627.3909647,1660853632.3963826
0,pv.insight.nrel,PVO/PVOutput/10010.csv,5,5.0,1660853627.926872,1660853632.9294229
0,pv.insight.nrel,PVO/PVOutput/10010.csv,5,5.01,1660853628.4654942,1660853633.4708915
0,pv.insight.nrel,PVO/PVOutput/10010.csv,5,5.01,1660853628.9938598,1660853633.9993548
0,pv.insight.nrel,PVO/PVOutput/10010.csv,5,5.01,1660853629.5840015,1660853634.5893672
0,pv.insight.nrel,PVO/PVOutput/10010.csv,5,5.0,1660853630.0651448,1660853635.0677524
0,pv.insight.nrel,PVO/PVOutput/10010.csv,5,5.01,1660853630.5449808,1660853635.5503905
0,pv.insight.nrel,PVO/PVOutput/10010.csv,5,5.0,1660853631.048129,1660853636.0521786
0,pv.insight.nrel,PVO/PVOutput/10010.csv,5,5.01,1660853631.5229192,1660853636.5283191
0,pv.insight.nrel,PVO/PVOutput/10010.csv,5,5.01,1660853632.065691,1660853637.071166
0,pv.insight.nrel,PVO/PVOutput/10010.csv,5,5.0,1660853632.5912178,1660853637.5950265
0,pv.insight.nrel,PVO/PVOutput/10010.csv,5,5.01,1660853633.063892,1660853638.0693696
0,pv.insight.nrel,PVO/PVOutput/10010.csv,5,5.01,1660853633.5880327,1660853638.5935514
0,pv.insight.nrel,PVO/PVOutput/10010.csv,5,5.01,1660853634.0736253,1660853639.0791256
0,pv.insight.nrel,PVO/PVOutput/10010.csv,5,5.01,1660853634.56632,1660853639.571697
0,pv.insight.nrel,PVO/PVOutput/10010.csv,5,5.01,1660853635.0561771,1660853640.0615425
0,pv.insight.nrel,PVO/PVOutput/10010.csv,5,5.0,1660853635.5515306,1660853640.5525467
0,pv.insight.nrel,PVO/PVOutput/10010.csv,5,5.01,1660853636.0764852,1660853641.081827
0,pv.insight.nrel,PVO/PVOutput/10010.csv,5,5.0,1660853636.5611255,1660853641.565318
0,pv.insight.nrel,PVO/PVOutput/10010.csv,5,5.01,1660853637.054498,1660853642.059811
0,pv.insight.nrel,PVO/PVOutput/10010.csv,5,5.01,1660853637.5420005,1660853642.5473971
0,pv.insight.nrel,PVO/PVOutput/10010.csv,5,5.0,1660853638.0696776,1660853643.0728152
0,pv.insight.nrel,PVO/PVOutput/10010.csv,5,5.0,1660853638.6217518,1660853643.6259792
0,pv.insight.nrel,PVO/PVOutput/10010.csv,5,5.0,1660853639.1287313,1660853644.1333938
0,pv.insight.nrel,PVO/PVOutput/10010.csv,5,5.01,1660853639.666944,1660853644.6722867
0,pv.insight.nrel,PVO/PVOutput/10010.csv,5,5.01,1660853640.1574323,1660853645.162806
0,pv.insight.nrel,PVO/PVOutput/10010.csv,5,5.01,1660853640.649378,1660853645.654753
0,pv.insight.nrel,PVO/PVOutput/10010.csv,5,5.01,1660853641.1336274,1660853646.1390736
0,pv.insight.nrel,PVO/PVOutput/10010.csv,5,5.01,1660853641.6286495,1660853646.634094
0,pv.insight.nrel,PVO/PVOutput/10010.csv,5,5.01,1660853642.1661797,1660853647.1715188
0,pv.insight.nrel,PVO/PVOutput/10010.csv,5,5.01,1660853642.6390264,1660853647.6444578
0,pv.insight.nrel,PVO/PVOutput/10010.csv,5,5.0,1660853643.1306298,1660853648.1327224
0,pv.insight.nrel,PVO/PVOutput/10010.csv,5,5.01,1660853643.611093,1660853648.6161036
0,pv.insight.nrel,PVO/PVOutput/10010.csv,5,5.0,1660853644.0863798,1660853649.08809
0,pv.insight.nrel,PVO/PVOutput/10010.csv,5,5.01,1660853644.5859601,1660853649.5913951
0,pv.insight.nrel,PVO/PVOutput/10010.csv,5,5.01,1660853645.0674515,1660853650.0728798
0,pv.insight.nrel,PVO/PVOutput/10010.csv,5,5.01,1660853645.5568755,1660853650.562264
0,pv.insight.nrel,PVO/PVOutput/10010.csv,5,5.01,1660853646.0489461,1660853651.0543437
0,pv.insight.nrel,PVO/PVOutput/10010.csv,5,5.01,1660853646.5337512,1660853651.5391662
0,pv.insight.nrel,PVO/PVOutput/10010.csv,5,5.01,1660853647.1222477,1660853652.1277163
0,pv.insight.nrel,PVO/PVOutput/10010.csv,5,5.01,1660853647.6031303,1660853652.6085656
0,pv.insight.nrel,PVO/PVOutput/10010.csv,5,5.01,1660853648.092007,1660853653.097452
0,pv.insight.nrel,PVO/PVOutput/10010.csv,5,5.01,1660853648.5797026,1660853653.585202
0,pv.insight.nrel,PVO/PVOutput/10010.csv,5,5.01,1660853649.0513122,1660853654.0567412
0,pv.insight.nrel,PVO/PVOutput/10010.csv,5,5.0,1660853649.5168865,1660853654.5202231
0,pv.insight.nrel,PVO/PVOutput/10010.csv,5,5.01,1660853650.0201504,1660853655.025607
0,pv.insight.nrel,PVO/PVOutput/10010.csv,5,5.01,1660853650.5351472,1660853655.5405378
0,pv.insight.nrel,PVO/PVOutput/10010.csv,5,5.01,1660853651.0278988,1660853656.0333261
0,pv.insight.nrel,PVO/PVOutput/10010.csv,5,5.01,1660853651.5310986,1660853656.53651
0,pv.insight.nrel,PVO/PVOutput/10010.csv,5,5.0,1660853652.0157473,1660853657.020091
0,pv.insight.nrel,PVO/PVOutput/10010.csv,5,5.0,1660853652.5243745,1660853657.528167
0,pv.insight.nrel,PVO/PVOutput/10010.csv,5,5.0,1660853653.003741,1660853658.0083177
0,pv.insight.nrel,PVO/PVOutput/10010.csv,5,5.0,1660853653.4966776,1660853658.5001433
0,pv.insight.nrel,PVO/PVOutput/10010.csv,5,5.01,1660853653.9847324,1660853658.9901967
0,pv.insight.nrel,PVO/PVOutput/10010.csv,5,5.01,1660853654.4803455,1660853659.4857001
0,pv.insight.nrel,PVO/PVOutput/10010.csv,5,5.01,1660853654.9566677,1660853659.9620626
0,pv.insight.nrel,PVO/PVOutput/10010.csv,5,5.01,1660853655.4466286,1660853660.452002
0,pv.insight.nrel,PVO/PVOutput/10010.csv,5,5.01,1660853655.9413548,1660853660.9467294
0,pv.insight.nrel,PVO/PVOutput/10010.csv,5,5.01,1660853656.422844,1660853661.4281154
0,pv.insight.nrel,PVO/PVOutput/10010.csv,5,5.0,1660853656.9155316,1660853661.9199083
0,pv.insight.nrel,PVO/PVOutput/10010.csv,5,5.01,1660853657.4270797,1660853662.432158
0,pv.insight.nrel,PVO/PVOutput/10010.csv,5,5.01,1660853657.9311879,1660853662.9365842
0,pv.insight.nrel,PVO/PVOutput/10010.csv,5,5.01,1660853658.4372747,1660853663.4426417
0,pv.insight.nrel,PVO/PVOutput/10010.csv,5,5.0,1660853658.9017627,1660853663.90414
0,pv.insight.nrel,PVO/PVOutput/10010.csv,5,5.01,1660853659.4188783,1660853664.424108
0,pv.insight.nrel,PVO/PVOutput/10010.csv,5,5.0,1660853659.8732867,1660853664.874051
0,pv.insight.nrel,PVO/PVOutput/10010.csv,5,5.01,1660853660.3395813,1660853665.3450916
0,pv.insight.nrel,PVO/PVOutput/10010.csv,5,5.0,1660853660.8921568,1660853665.8962233
0,pv.insight.nrel,PVO/PVOutput/10010.csv,5,5.0,1660853661.358269,1660853666.3629344
0,pv.insight.nrel,PVO/PVOutput/10010.csv,5,5.01,1660853661.9012809,1660853666.906681
0,pv.insight.nrel,PVO/PVOutput/10010.csv,5,5.0,1660853662.3841393,1660853667.3881054
0,pv.insight.nrel,PVO/PVOutput/10010.csv,5,5.01,1660853662.8869913,1660853667.892457
0,pv.insight.nrel,PVO/PVOutput/10010.csv,5,5.0,1660853663.3929238,1660853668.3961205
0,pv.insight.nrel,PVO/PVOutput/10010.csv,5,5.0,1660853663.8759787,1660853668.87735
0,pv.insight.nrel,PVO/PVOutput/10010.csv,5,5.01,1660853664.3744557,1660853669.3800132
0,pv.insight.nrel,PVO/PVOutput/10010.csv,5,5.0,1660853664.9070554,1660853669.9103708
0,pv.insight.nrel,PVO/PVOutput/10010.csv,5,5.0,1660853665.441497,1660853670.4451993
0,pv.insight.nrel,PVO/PVOutput/10010.csv,5,5.01,1660853665.940406,1660853670.9459102
0,pv.insight.nrel,PVO/PVOutput/10010.csv,5,5.01,1660853666.4414532,1660853671.4467857
0,pv.insight.nrel,PVO/PVOutput/10010.csv,5,5.01,1660853666.9383564,1660853671.943734
0,pv.insight.nrel,PVO/PVOutput/10010.csv,5,5.0,1660853667.4322665,1660853672.4346492
0,pv.insight.nrel,PVO/PVOutput/10010.csv,5,5.0,1660853667.9918156,1660853672.9967337
0,pv.insight.nrel,PVO/PVOutput/10010.csv,5,5.01,1660853668.4849522,1660853673.4901211
0,pv.insight.nrel,PVO/PVOutput/10010.csv,5,5.0,1660853668.9734423,1660853673.9769516
0,pv.insight.nrel,PVO/PVOutput/10010.csv,5,5.0,1660853669.521348,1660853674.5254767
0,pv.insight.nrel,PVO/PVOutput/10010.csv,5,5.0,1660853670.0211256,1660853675.0241237
0,pv.insight.nrel,PVO/PVOutput/10010.csv,5,5.01,1660853670.50087,1660853675.5062234
0,pv.insight.nrel,PVO/PVOutput/10010.csv,5,5.0,1660853671.044514,1660853676.0491261
0,pv.insight.nrel,PVO/PVOutput/10010.csv,5,5.01,1660853671.55438,1660853676.5597472
0,pv.insight.nrel,PVO/PVOutput/10010.csv,5,5.0,1660853672.0269709,1660853677.0296674
0,pv.insight.nrel,PVO/PVOutput/10010.csv,5,5.01,1660853672.581265,1660853677.5866728
0,pv.insight.nrel,PVO/PVOutput/10010.csv,5,5.01,1660853673.0712142,1660853678.0766187
0,pv.insight.nrel,PVO/PVOutput/10010.csv,5,5.0,1660853673.5647485,1660853678.568163
0,pv.insight.nrel,PVO/PVOutput/10010.csv,5,5.0,1660853674.0623507,1660853679.06368
0,pv.insight.nrel,PVO/PVOutput/10010.csv,5,5.01,1660853674.562598,1660853679.5679958
0,pv.insight.nrel,PVO/PVOutput/10010.csv,5,5.0,1660853675.058034,1660853680.0601192
0,pv.insight.nrel,PVO/PVOutput/10010.csv,5,5.0,1660853675.535467,1660853680.5404437
0,pv.insight.nrel,PVO/PVOutput/10010.csv,5,5.0,1660853676.0277915,1660853681.032082
0,pv.insight.nrel,PVO/PVOutput/10010.csv,5,5.01,1660853676.5837157,1660853681.5891242
0,pv.insight.nrel,PVO/PVOutput/10010.csv,5,5.0,1660853677.086792,1660853682.0912163
0,pv.insight.nrel,PVO/PVOutput/10010.csv,5,5.01,1660853677.6699965,1660853682.6754255
0,pv.insight.nrel,PVO/PVOutput/10010.csv,5,5.01,1660853678.1575394,1660853683.1629305
0,pv.insight.nrel,PVO/PVOutput/10010.csv,5,5.0,1660853678.6526616,1660853683.6561978
0,pv.insight.nrel,PVO/PVOutput/10010.csv,5,5.01,1660853679.1451137,1660853684.1506226
0,pv.insight.nrel,PVO/PVOutput/10010.csv,5,5.01,1660853679.6404076,1660853684.6458395
0,pv.insight.nrel,PVO/PVOutput/10010.csv,5,5.01,1660853680.1235142,1660853685.1289635
0,pv.insight.nrel,PVO/PVOutput/10010.csv,5,5.01,1660853680.625361,1660853685.6308684
0,pv.insight.nrel,PVO/PVOutput/10010.csv,5,5.01,1660853681.1056547,1660853686.1110842
0,pv.insight.nrel,PVO/PVOutput/10010.csv,5,5.0,1660853681.5874288,1660853686.5887935
0,pv.insight.nrel,PVO/PVOutput/10010.csv,5,5.01,1660853682.1766686,1660853687.1821783
0,pv.insight.nrel,PVO/PVOutput/10010.csv,5,5.01,1660853682.706739,1660853687.712111
0,pv.insight.nrel,PVO/PVOutput/10010.csv,5,5.01,1660853683.198623,1660853688.204035
0,pv.insight.nrel,PVO/PVOutput/10010.csv,5,5.01,1660853683.691541,1660853688.6969192
0,pv.insight.nrel,PVO/PVOutput/10010.csv,5,5.0,1660853684.228749,1660853689.2300222
0,pv.insight.nrel,PVO/PVOutput/10010.csv,5,5.0,1660853684.821829,1660853689.8235998
0,pv.insight.nrel,PVO/PVOutput/10010.csv,5,5.0,1660853685.32418,1660853690.3290002
0,pv.insight.nrel,PVO/PVOutput/10010.csv,5,5.0,1660853685.8027172,1660853690.8060296
0,pv.insight.nrel,PVO/PVOutput/10010.csv,5,5.01,1660853686.2891335,1660853691.294574
0,pv.insight.nrel,PVO/PVOutput/10010.csv,5,5.01,1660853686.7811322,1660853691.786503
0,pv.insight.nrel,PVO/PVOutput/10010.csv,5,5.0,1660853687.303759,1660853692.3068633
0,pv.insight.nrel,PVO/PVOutput/10010.csv,5,5.01,1660853687.7787213,1660853692.784087
0,pv.insight.nrel,PVO/PVOutput/10010.csv,5,5.01,1660853688.2637186,1660853693.269129
0,pv.insight.nrel,PVO/PVOutput/10010.csv,5,5.01,1660853688.738306,1660853693.743662
0,pv.insight.nrel,PVO/PVOutput/10010.csv,5,5.0,1660853689.28543,1660853694.2881637
0,pv.insight.nrel,PVO/PVOutput/10010.csv,5,5.01,1660853689.771335,1660853694.7767923
0,pv.insight.nrel,PVO/PVOutput/10010.csv,5,5.0,1660853690.2547612,1660853695.2581322
0,pv.insight.nrel,PVO/PVOutput/10010.csv,5,5.0,1660853690.732343,1660853695.736082
0,pv.insight.nrel,PVO/PVOutput/10010.csv,5,5.0,1660853691.210381,1660853696.2149482
0,pv.insight.nrel,PVO/PVOutput/10010.csv,5,5.0,1660853691.69161,1660853696.696071
0,pv.insight.nrel,PVO/PVOutput/10010.csv,5,5.01,1660853692.2107587,1660853697.2161236
0,pv.insight.nrel,PVO/PVOutput/10010.csv,5,5.0,1660853692.6886961,1660853697.6921713
0,pv.insight.nrel,PVO/PVOutput/10010.csv,5,5.01,1660853693.187379,1660853698.1928377
0,pv.insight.nrel,PVO/PVOutput/10010.csv,5,5.01,1660853693.6876152,1660853698.6930351
0,pv.insight.nrel,PVO/PVOutput/10010.csv,5,5.0,1660853694.223307,1660853699.2241936
0,pv.insight.nrel,PVO/PVOutput/10010.csv,5,5.0,1660853694.7076492,1660853699.7121038
0,pv.insight.nrel,PVO/PVOutput/10010.csv,5,5.01,1660853695.2135286,1660853700.2190044
0,pv.insight.nrel,PVO/PVOutput/10010.csv,5,5.0,1660853695.7193153,1660853700.7210033
0,pv.insight.nrel,PVO/PVOutput/10010.csv,5,5.0,1660853696.2063181,1660853701.208121
0,pv.insight.nrel,PVO/PVOutput/10010.csv,5,5.0,1660853696.6904652,1660853701.6939843
0,pv.insight.nrel,PVO/PVOutput/10010.csv,5,5.01,1660853697.1847656,1660853702.1902826
0,pv.insight.nrel,PVO/PVOutput/10010.csv,5,5.01,1660853697.6766682,1660853702.682204
0,pv.insight.nrel,PVO/PVOutput/10010.csv,5,5.0,1660853698.151474,1660853703.1537955
0,pv.insight.nrel,PVO/PVOutput/10010.csv,5,5.01,1660853698.6470358,1660853703.6521056
0,pv.insight.nrel,PVO/PVOutput/10010.csv,5,5.01,1660853699.1352684,1660853704.1406407
0,pv.insight.nrel,PVO/PVOutput/10010.csv,5,5.01,1660853699.6196334,1660853704.625032
0,pv.insight.nrel,PVO/PVOutput/10010.csv,5,5.01,1660853700.1238134,1660853705.1292496
0,pv.insight.nrel,PVO/PVOutput/10010.csv,5,5.0,1660853700.6099849,1660853705.6123838
0,pv.insight.nrel,PVO/PVOutput/10010.csv,5,5.01,1660853701.1127925,1660853706.1179407
0,pv.insight.nrel,PVO/PVOutput/10010.csv,5,5.01,1660853701.6129508,1660853706.6183395
0,pv.insight.nrel,PVO/PVOutput/10010.csv,5,5.0,1660853702.112603,1660853707.1163733
0,pv.insight.nrel,PVO/PVOutput/10010.csv,5,5.0,1660853702.6575532,1660853707.6595645
0,pv.insight.nrel,PVO/PVOutput/10010.csv,5,5.01,1660853703.1538525,1660853708.1592233
0,pv.insight.nrel,PVO/PVOutput/10010.csv,5,5.01,1660853703.6497407,1660853708.6551032
0,pv.insight.nrel,PVO/PVOutput/10010.csv,5,5.01,1660853704.1284726,1660853709.1338468
0,pv.insight.nrel,PVO/PVOutput/10010.csv,5,5.01,1660853704.6277432,1660853709.6331372
0,pv.insight.nrel,PVO/PVOutput/10010.csv,5,5.0,1660853705.124766,1660853710.129079
0,pv.insight.nrel,PVO/PVOutput/10010.csv,5,5.01,1660853705.6293206,1660853710.63478
0,pv.insight.nrel,PVO/PVOutput/10010.csv,5,5.0,1660853706.1278799,1660853711.1321359
0,pv.insight.nrel,PVO/PVOutput/10010.csv,5,5.01,1660853706.6163075,1660853711.6217372
0,pv.insight.nrel,PVO/PVOutput/10010.csv,5,5.01,1660853707.113681,1660853712.1190898
0,pv.insight.nrel,PVO/PVOutput/10010.csv,5,5.0,1660853707.6052837,1660853712.605752
0,pv.insight.nrel,PVO/PVOutput/10010.csv,5,5.01,1660853708.1156864,1660853713.1210515
0,pv.insight.nrel,PVO/PVOutput/10010.csv,5,5.0,1660853708.6259458,1660853713.626986
0,pv.insight.nrel,PVO/PVOutput/10010.csv,5,5.01,1660853709.1084156,1660853714.113898
0,pv.insight.nrel,PVO/PVOutput/10010.csv,5,5.0,1660853709.5864456,1660853714.588128
0,pv.insight.nrel,PVO/PVOutput/10010.csv,5,5.01,1660853710.094492,1660853715.0999873
0,pv.insight.nrel,PVO/PVOutput/10010.csv,5,5.01,1660853710.5955966,1660853715.6010127
0,pv.insight.nrel,PVO/PVOutput/10010.csv,5,5.01,1660853711.077906,1660853716.0833623
0,pv.insight.nrel,PVO/PVOutput/10010.csv,5,5.01,1660853711.5954902,1660853716.600938
0,pv.insight.nrel,PVO/PVOutput/10010.csv,5,5.01,1660853712.113878,1660853717.1193643
0,pv.insight.nrel,PVO/PVOutput/10010.csv,5,5.01,1660853712.6196537,1660853717.6251745
0,pv.insight.nrel,PVO/PVOutput/10010.csv,5,5.0,1660853713.1280143,1660853718.1300132
0,pv.insight.nrel,PVO/PVOutput/10010.csv,5,5.01,1660853713.675921,1660853718.681453
0,pv.insight.nrel,PVO/PVOutput/10010.csv,5,5.0,1660853714.2260222,1660853719.2281682
0,pv.insight.nrel,PVO/PVOutput/10010.csv,5,5.0,1660853714.7392359,1660853719.739751
0,pv.insight.nrel,PVO/PVOutput/10010.csv,5,5.01,1660853715.262766,1660853720.2681615
0,pv.insight.nrel,PVO/PVOutput/10010.csv,5,5.01,1660853715.760588,1660853720.765992
0,pv.insight.nrel,PVO/PVOutput/10010.csv,5,5.01,1660853716.2974222,1660853721.3028028
0,pv.insight.nrel,PVO/PVOutput/10010.csv,5,5.01,1660853716.832798,1660853721.8381906
0,pv.insight.nrel,PVO/PVOutput/10010.csv,5,5.0,1660853717.3305569,1660853722.3321402
0,pv.insight.nrel,PVO/PVOutput/10010.csv,5,5.01,1660853717.8489065,1660853722.8543072
0,pv.insight.nrel,PVO/PVOutput/10010.csv,5,5.01,1660853718.3348224,1660853723.3401344
0,pv.insight.nrel,PVO/PVOutput/10010.csv,5,5.0,1660853718.8386302,1660853723.8400416
0,pv.insight.nrel,PVO/PVOutput/10010.csv,5,5.01,1660853719.3418334,1660853724.3471954
0,pv.insight.nrel,PVO/PVOutput/10010.csv,5,5.01,1660853719.8293014,1660853724.8346734
0,pv.insight.nrel,PVO/PVOutput/10010.csv,5,5.01,1660853720.3782651,1660853725.3837013
0,pv.insight.nrel,PVO/PVOutput/10010.csv,5,5.0,1660853720.881099,1660853725.8833313
0,pv.insight.nrel,PVO/PVOutput/10010.csv,5,5.0,1660853721.3610637,1660853726.3640778
0,pv.insight.nrel,PVO/PVOutput/10010.csv,5,5.01,1660853721.852218,1660853726.8577642
0,pv.insight.nrel,PVO/PVOutput/10010.csv,5,5.01,1660853722.348472,1660853727.353851
0,pv.insight.nrel,PVO/PVOutput/10010.csv,5,5.01,1660853722.838468,1660853727.8438585
0,pv.insight.nrel,PVO/PVOutput/10010.csv,5,5.01,1660853723.3585396,1660853728.3639581
0,pv.insight.nrel,PVO/PVOutput/10010.csv,5,5.0,1660853723.8378634,1660853728.8401053
0,pv.insight.nrel,PVO/PVOutput/10010.csv,5,5.01,1660853724.3223498,1660853729.327765
0,pv.insight.nrel,PVO/PVOutput/10010.csv,5,5.0,1660853724.807573,1660853729.809036
0,pv.insight.nrel,PVO/PVOutput/10010.csv,5,5.01,1660853725.2933397,1660853730.2987823
0,pv.insight.nrel,PVO/PVOutput/10010.csv,5,5.01,1660853725.7873495,1660853730.792778
0,pv.insight.nrel,PVO/PVOutput/10010.csv,5,5.01,1660853726.3262167,1660853731.3316526
0,pv.insight.nrel,PVO/PVOutput/10010.csv,5,5.0,1660853726.8039074,1660853731.8088722
0,pv.insight.nrel,PVO/PVOutput/10010.csv,5,5.0,1660853727.3194375,1660853732.3217967
0,pv.insight.nrel,PVO/PVOutput/10010.csv,5,5.01,1660853727.8298285,1660853732.835252
0,pv.insight.nrel,PVO/PVOutput/10010.csv,5,5.01,1660853728.315881,1660853733.3213499
0,pv.insight.nrel,PVO/PVOutput/10010.csv,5,5.01,1660853728.8001945,1660853733.8056843
0,pv.insight.nrel,PVO/PVOutput/10010.csv,5,5.01,1660853729.2911396,1660853734.2966897
0,pv.insight.nrel,PVO/PVOutput/10010.csv,5,5.01,1660853729.8237295,1660853734.829217
0,pv.insight.nrel,PVO/PVOutput/10010.csv,5,5.0,1660853730.3177776,1660853735.320198
0,pv.insight.nrel,PVO/PVOutput/10010.csv,5,5.01,1660853730.852499,1660853735.8578541
0,pv.insight.nrel,PVO/PVOutput/10010.csv,5,5.0,1660853731.3526688,1660853736.3561285
0,pv.insight.nrel,PVO/PVOutput/10010.csv,5,5.01,1660853731.8389492,1660853736.8443995
0,pv.insight.nrel,PVO/PVOutput/10010.csv,5,5.0,1660853732.3196542,1660853737.320169
0,pv.insight.nrel,PVO/PVOutput/10010.csv,5,5.01,1660853732.7957304,1660853737.8011599
0,pv.insight.nrel,PVO/PVOutput/10010.csv,5,5.0,1660853733.2821603,1660853738.286216
0,pv.insight.nrel,PVO/PVOutput/10010.csv,5,5.01,1660853733.781884,1660853738.787281
0,pv.insight.nrel,PVO/PVOutput/10010.csv,5,5.01,1660853734.253267,1660853739.258667
0,pv.insight.nrel,PVO/PVOutput/10010.csv,5,5.01,1660853734.7832186,1660853739.7885847
0,pv.insight.nrel,PVO/PVOutput/10010.csv,5,5.0,1660853735.273657,1660853740.276212
0,pv.insight.nrel,PVO/PVOutput/10010.csv,5,5.01,1660853735.7667143,1660853740.772075
0,pv.insight.nrel,PVO/PVOutput/10010.csv,5,5.01,1660853736.2461474,1660853741.2514915
0,pv.insight.nrel,PVO/PVOutput/10010.csv,5,5.01,1660853736.7353983,1660853741.7407703
0,pv.insight.nrel,PVO/PVOutput/10010.csv,5,5.0,1660853737.2377138,1660853742.2397199
0,pv.insight.nrel,PVO/PVOutput/10010.csv,5,5.0,1660853737.8295271,1660853742.8311443
0,pv.insight.nrel,PVO/PVOutput/10010.csv,5,5.01,1660853738.3383255,1660853743.3437095
0,pv.insight.nrel,PVO/PVOutput/10010.csv,5,5.01,1660853738.82164,1660853743.8270545
0,pv.insight.nrel,PVO/PVOutput/10010.csv,5,5.01,1660853739.3290625,1660853744.3344746
0,pv.insight.nrel,PVO/PVOutput/10010.csv,5,5.01,1660853739.8827279,1660853744.8880785
0,pv.insight.nrel,PVO/PVOutput/10010.csv,5,5.0,1660853740.3856812,1660853745.3900142
0,pv.insight.nrel,PVO/PVOutput/10010.csv,5,5.0,1660853740.876854,1660853745.8801792
0,pv.insight.nrel,PVO/PVOutput/10010.csv,5,5.01,1660853741.3732693,1660853746.3787038
0,pv.insight.nrel,PVO/PVOutput/10010.csv,5,5.0,1660853741.9090276,1660853746.909521
0,pv.insight.nrel,PVO/PVOutput/10010.csv,5,5.0,1660853742.4153671,1660853747.4160504
0,pv.insight.nrel,PVO/PVOutput/10010.csv,5,5.01,1660853742.8987417,1660853747.9041486
0,pv.insight.nrel,PVO/PVOutput/10010.csv,5,5.0,1660853743.3879433,1660853748.3920772
0,pv.insight.nrel,PVO/PVOutput/10010.csv,5,5.01,1660853743.8813424,1660853748.8867936
0,pv.insight.nrel,PVO/PVOutput/10010.csv,5,5.01,1660853744.3627236,1660853749.3681746
0,pv.insight.nrel,PVO/PVOutput/10010.csv,5,5.01,1660853744.8886323,1660853749.8941379
0,pv.insight.nrel,PVO/PVOutput/10010.csv,5,5.0,1660853745.3941002,1660853750.3962207
0,pv.insight.nrel,PVO/PVOutput/10010.csv,5,5.0,1660853745.8903384,1660853750.8938494
0,pv.insight.nrel,PVO/PVOutput/10010.csv,5,5.0,1660853746.4256153,1660853751.4281633
0,pv.insight.nrel,PVO/PVOutput/10010.csv,5,5.01,1660853746.9625556,1660853751.9679754
0,pv.insight.nrel,PVO/PVOutput/10010.csv,5,5.01,1660853747.4409187,1660853752.4463024
0,pv.insight.nrel,PVO/PVOutput/10010.csv,5,5.01,1660853747.910784,1660853752.9161663
0,pv.insight.nrel,PVO/PVOutput/10010.csv,5,5.01,1660853748.4016292,1660853753.4070446
0,pv.insight.nrel,PVO/PVOutput/10010.csv,5,5.0,1660853748.8913438,1660853753.8940964
0,pv.insight.nrel,PVO/PVOutput/10010.csv,5,5.01,1660853749.3749294,1660853754.3801386
0,pv.insight.nrel,PVO/PVOutput/10010.csv,5,5.01,1660853749.8750663,1660853754.8804557
0,pv.insight.nrel,PVO/PVOutput/10010.csv,5,5.0,1660853750.368168,1660853755.368735
0,pv.insight.nrel,PVO/PVOutput/10010.csv,5,5.01,1660853750.8606865,1660853755.866243
0,pv.insight.nrel,PVO/PVOutput/10010.csv,5,5.01,1660853751.349736,1660853756.355086
0,pv.insight.nrel,PVO/PVOutput/10010.csv,5,5.0,1660853751.8475938,1660853756.8494241
0,pv.insight.nrel,PVO/PVOutput/10010.csv,5,5.01,1660853752.3414757,1660853757.3468301
0,pv.insight.nrel,PVO/PVOutput/10010.csv,5,5.01,1660853752.818844,1660853757.8242424
0,pv.insight.nrel,PVO/PVOutput/10010.csv,5,5.01,1660853753.305544,1660853758.311007
0,pv.insight.nrel,PVO/PVOutput/10010.csv,5,5.0,1660853753.7925775,1660853758.794597
0,pv.insight.nrel,PVO/PVOutput/10010.csv,5,5.0,1660853754.2774217,1660853759.279251
0,pv.insight.nrel,PVO/PVOutput/10010.csv,5,5.0,1660853754.7618287,1660853759.765448
0,pv.insight.nrel,PVO/PVOutput/10010.csv,5,5.01,1660853755.2538555,1660853760.2589576
0,pv.insight.nrel,PVO/PVOutput/10010.csv,5,5.01,1660853755.73844,1660853760.7438664
0,pv.insight.nrel,PVO/PVOutput/10010.csv,5,5.01,1660853756.2237396,1660853761.2292416
0,pv.insight.nrel,PVO/PVOutput/10010.csv,5,5.0,1660853756.8015265,1660853761.8040335
0,pv.insight.nrel,PVO/PVOutput/10010.csv,5,5.0,1660853757.3430724,1660853762.3459172
0,pv.insight.nrel,PVO/PVOutput/10010.csv,5,5.01,1660853757.8206582,1660853762.8260462
0,pv.insight.nrel,PVO/PVOutput/10010.csv,5,5.0,1660853758.3001394,1660853763.3040898
0,pv.insight.nrel,PVO/PVOutput/10010.csv,5,5.0,1660853758.816801,1660853763.8216367
0,pv.insight.nrel,PVO/PVOutput/10010.csv,5,5.0,1660853759.2987099,1660853764.3001783
0,pv.insight.nrel,PVO/PVOutput/10010.csv,5,5.01,1660853759.7827103,1660853764.7881515
0,pv.insight.nrel,PVO/PVOutput/10010.csv,5,5.01,1660853760.2650793,1660853765.2705731
0,pv.insight.nrel,PVO/PVOutput/10010.csv,5,5.01,1660853760.8426273,1660853765.8481562
0,pv.insight.nrel,PVO/PVOutput/10010.csv,5,5.01,1660853761.3322823,1660853766.3377736
0,pv.insight.nrel,PVO/PVOutput/10010.csv,5,5.01,1660853761.820504,1660853766.8260338
0,pv.insight.nrel,PVO/PVOutput/10010.csv,5,5.01,1660853762.335126,1660853767.3406298
0,pv.insight.nrel,PVO/PVOutput/10010.csv,5,5.0,1660853762.8395169,1660853767.840096
0,pv.insight.nrel,PVO/PVOutput/10010.csv,5,5.0,1660853763.3862762,1660853768.3906755
0,pv.insight.nrel,PVO/PVOutput/10010.csv,5,5.0,1660853763.8786366,1660853768.8803232
0,pv.insight.nrel,PVO/PVOutput/10010.csv,5,5.0,1660853764.3820736,1660853769.3841183
0,pv.insight.nrel,PVO/PVOutput/10010.csv,5,5.01,1660853764.857685,1660853769.863087
0,pv.insight.nrel,PVO/PVOutput/10010.csv,5,5.01,1660853765.3935,1660853770.3988242
0,pv.insight.nrel,PVO/PVOutput/10010.csv,5,5.0,1660853765.9037156,1660853770.9065917
0,pv.insight.nrel,PVO/PVOutput/10010.csv,5,5.01,1660853766.3764064,1660853771.381894
0,pv.insight.nrel,PVO/PVOutput/10010.csv,5,5.01,1660853766.913666,1660853771.9190423
0,pv.insight.nrel,PVO/PVOutput/10010.csv,5,5.01,1660853767.443713,1660853772.4490511
0,pv.insight.nrel,PVO/PVOutput/10010.csv,5,5.01,1660853767.9290702,1660853772.9344285
0,pv.insight.nrel,PVO/PVOutput/10010.csv,5,5.01,1660853768.4118547,1660853773.4172542
0,pv.insight.nrel,PVO/PVOutput/10010.csv,5,5.01,1660853768.8945796,1660853773.8999507
0,pv.insight.nrel,PVO/PVOutput/10010.csv,5,5.01,1660853769.3893833,1660853774.394799
0,pv.insight.nrel,PVO/PVOutput/10010.csv,5,5.01,1660853769.9496412,1660853774.955062
0,pv.insight.nrel,PVO/PVOutput/10010.csv,5,5.01,1660853770.4452744,1660853775.450627
0,pv.insight.nrel,PVO/PVOutput/10010.csv,5,5.01,1660853770.9191108,1660853775.9245217
0,pv.insight.nrel,PVO/PVOutput/10010.csv,5,5.0,1660853771.4135966,1660853776.4165514
0,pv.insight.nrel,PVO/PVOutput/10010.csv,5,5.0,1660853771.8921404,1660853776.8961449
0,pv.insight.nrel,PVO/PVOutput/10010.csv,5,5.01,1660853772.4172852,1660853777.4226859
0,pv.insight.nrel,PVO/PVOutput/10010.csv,5,5.01,1660853773.0129337,1660853778.01836
0,pv.insight.nrel,PVO/PVOutput/10010.csv,5,5.0,1660853773.5033092,1660853778.5063996
0,pv.insight.nrel,PVO/PVOutput/10010.csv,5,5.01,1660853773.9805613,1660853778.9859657
0,pv.insight.nrel,PVO/PVOutput/10010.csv,5,5.01,1660853774.4720142,1660853779.4774368
0,pv.insight.nrel,PVO/PVOutput/10010.csv,5,5.01,1660853774.9491262,1660853779.9545646
0,pv.insight.nrel,PVO/PVOutput/10010.csv,5,5.01,1660853775.4419718,1660853780.446997
0,pv.insight.nrel,PVO/PVOutput/10010.csv,5,5.01,1660853775.9138417,1660853780.9193423
0,pv.insight.nrel,PVO/PVOutput/10010.csv,5,5.01,1660853776.399037,1660853781.4044893
0,pv.insight.nrel,PVO/PVOutput/10010.csv,5,5.01,1660853776.968724,1660853781.97421
0,pv.insight.nrel,PVO/PVOutput/10010.csv,5,5.0,1660853777.4047663,1660853782.4082363
0,pv.insight.nrel,PVO/PVOutput/10010.csv,5,5.01,1660853777.8964682,1660853782.902007
0,pv.insight.nrel,PVO/PVOutput/10010.csv,5,5.0,1660853778.4115036,1660853783.4146383
0,pv.insight.nrel,PVO/PVOutput/10010.csv,5,5.0,1660853778.903175,1660853783.9069166
0,pv.insight.nrel,PVO/PVOutput/10010.csv,5,5.0,1660853779.3972626,1660853784.3998382
0,pv.insight.nrel,PVO/PVOutput/10010.csv,5,5.01,1660853779.8746114,1660853784.8800108
0,pv.insight.nrel,PVO/PVOutput/10010.csv,5,5.01,1660853780.3719323,1660853785.3773842
0,pv.insight.nrel,PVO/PVOutput/10010.csv,5,5.01,1660853780.8692718,1660853785.874739
0,pv.insight.nrel,PVO/PVOutput/10010.csv,5,5.01,1660853781.37284,1660853786.3781943
0,pv.insight.nrel,PVO/PVOutput/10010.csv,5,5.01,1660853781.9931774,1660853786.998673
0,pv.insight.nrel,PVO/PVOutput/10010.csv,5,5.0,1660853782.3630764,1660853787.366616
0,pv.insight.nrel,PVO/PVOutput/10010.csv,5,5.01,1660853782.8719203,1660853787.8772824
0,pv.insight.nrel,PVO/PVOutput/10010.csv,5,5.01,1660853783.3728676,1660853788.378224
0,pv.insight.nrel,PVO/PVOutput/10010.csv,5,5.0,1660853783.917678,1660853788.9201143
0,pv.insight.nrel,PVO/PVOutput/10010.csv,5,5.01,1660853784.4137614,1660853789.4191144
0,pv.insight.nrel,PVO/PVOutput/10010.csv,5,5.01,1660853784.8954892,1660853789.9008367
0,pv.insight.nrel,PVO/PVOutput/10010.csv,5,5.01,1660853785.3987958,1660853790.4040818
0,pv.insight.nrel,PVO/PVOutput/10010.csv,5,5.01,1660853785.9819584,1660853790.9869955
0,pv.insight.nrel,PVO/PVOutput/10010.csv,5,5.01,1660853786.4755645,1660853791.480949
0,pv.insight.nrel,PVO/PVOutput/10010.csv,5,5.01,1660853786.9147234,1660853791.9200804
0,pv.insight.nrel,PVO/PVOutput/10010.csv,5,5.01,1660853787.3965542,1660853792.4019847
0,pv.insight.nrel,PVO/PVOutput/10010.csv,5,5.0,1660853787.89441,1660853792.8983617
0,pv.insight.nrel,PVO/PVOutput/10010.csv,5,5.01,1660853788.372714,1660853793.378147
0,pv.insight.nrel,PVO/PVOutput/10010.csv,5,5.01,1660853788.847635,1660853793.853049
0,pv.insight.nrel,PVO/PVOutput/10010.csv,5,5.01,1660853789.3271801,1660853794.3325484
0,pv.insight.nrel,PVO/PVOutput/10010.csv,5,5.01,1660853789.8236098,1660853794.8290322
0,pv.insight.nrel,PVO/PVOutput/10010.csv,5,5.0,1660853790.3208098,1660853795.3258004
0,pv.insight.nrel,PVO/PVOutput/10010.csv,5,5.01,1660853790.8026261,1660853795.8080196
0,pv.insight.nrel,PVO/PVOutput/10010.csv,5,5.0,1660853791.280904,1660853796.2848294
0,pv.insight.nrel,PVO/PVOutput/10010.csv,5,5.01,1660853791.856316,1660853796.8617318
0,pv.insight.nrel,PVO/PVOutput/10010.csv,5,5.01,1660853792.376712,1660853797.3821645
0,pv.insight.nrel,PVO/PVOutput/10010.csv,5,5.0,1660853792.8627412,1660853797.8642228
0,pv.insight.nrel,PVO/PVOutput/10010.csv,5,5.0,1660853793.3956904,1660853798.4002385
0,pv.insight.nrel,PVO/PVOutput/10010.csv,5,5.01,1660853794.0010524,1660853799.0065134
0,pv.insight.nrel,PVO/PVOutput/10010.csv,5,5.0,1660853794.3707,1660853799.3722343
0,pv.insight.nrel,PVO/PVOutput/10010.csv,5,5.0,1660853794.890338,1660853799.8933923
0,pv.insight.nrel,PVO/PVOutput/10010.csv,5,5.01,1660853795.3672366,1660853800.3725753
0,pv.insight.nrel,PVO/PVOutput/10010.csv,5,5.0,1660853795.8646061,1660853800.869042
0,pv.insight.nrel,PVO/PVOutput/10010.csv,5,5.0,1660853796.3526177,1660853801.3561397
0,pv.insight.nrel,PVO/PVOutput/10010.csv,5,5.01,1660853796.8252301,1660853801.830726
0,pv.insight.nrel,PVO/PVOutput/10010.csv,5,5.0,1660853797.3027456,1660853802.306349
0,pv.insight.nrel,PVO/PVOutput/10010.csv,5,5.01,1660853797.8813791,1660853802.8867874
0,pv.insight.nrel,PVO/PVOutput/10010.csv,5,5.01,1660853798.3626583,1660853803.3681362
0,pv.insight.nrel,PVO/PVOutput/10010.csv,5,5.0,1660853798.8557966,1660853803.8600829
0,pv.insight.nrel,PVO/PVOutput/10010.csv,5,5.01,1660853799.3475006,1660853804.352894
0,pv.insight.nrel,PVO/PVOutput/10010.csv,5,5.01,1660853799.8444693,1660853804.8498368
0,pv.insight.nrel,PVO/PVOutput/10010.csv,5,5.0,1660853800.324113,1660853805.3280907
0,pv.insight.nrel,PVO/PVOutput/10010.csv,5,5.01,1660853800.9165962,1660853805.921972
0,pv.insight.nrel,PVO/PVOutput/10010.csv,5,5.01,1660853801.4038587,1660853806.4092782
0,pv.insight.nrel,PVO/PVOutput/10010.csv,5,5.0,1660853801.8777258,1660853806.8817096
0,pv.insight.nrel,PVO/PVOutput/10010.csv,5,5.0,1660853802.3427892,1660853807.344152
0,pv.insight.nrel,PVO/PVOutput/10010.csv,5,5.01,1660853802.836803,1660853807.8421903
0,pv.insight.nrel,PVO/PVOutput/10010.csv,5,5.0,1660853803.3216465,1660853808.3249476
0,pv.insight.nrel,PVO/PVOutput/10010.csv,5,5.01,1660853803.8477757,1660853808.8532386
0,pv.insight.nrel,PVO/PVOutput/10010.csv,5,5.0,1660853804.3602593,1660853809.3618762
0,pv.insight.nrel,PVO/PVOutput/10010.csv,5,5.0,1660853804.9482253,1660853809.9525456
0,pv.insight.nrel,PVO/PVOutput/10010.csv,5,5.0,1660853805.4443471,1660853810.4462872
0,pv.insight.nrel,PVO/PVOutput/10010.csv,5,5.0,1660853805.9482567,1660853810.9517834
0,pv.insight.nrel,PVO/PVOutput/10010.csv,5,5.01,1660853806.447793,1660853811.453214
0,pv.insight.nrel,PVO/PVOutput/10010.csv,5,5.01,1660853806.9194853,1660853811.9248524
0,pv.insight.nrel,PVO/PVOutput/10010.csv,5,5.01,1660853807.5162623,1660853812.521691
0,pv.insight.nrel,PVO/PVOutput/10010.csv,5,5.01,1660853808.0147297,1660853813.0201867
0,pv.insight.nrel,PVO/PVOutput/10010.csv,5,5.0,1660853808.5206974,1660853813.522858
0,pv.insight.nrel,PVO/PVOutput/10010.csv,5,5.01,1660853809.061894,1660853814.067393
0,pv.insight.nrel,PVO/PVOutput/10010.csv,5,5.0,1660853809.6566925,1660853814.6588905
0,pv.insight.nrel,PVO/PVOutput/10010.csv,5,5.01,1660853810.138443,1660853815.1439672
0,pv.insight.nrel,PVO/PVOutput/10010.csv,5,5.01,1660853810.612779,1660853815.6181285
0,pv.insight.nrel,PVO/PVOutput/10010.csv,5,5.01,1660853811.1074033,1660853816.112775
0,pv.insight.nrel,PVO/PVOutput/10010.csv,5,5.01,1660853811.5982485,1660853816.6034126
0,pv.insight.nrel,PVO/PVOutput/10010.csv,5,5.01,1660853812.0708983,1660853817.0762742
0,pv.insight.nrel,PVO/PVOutput/10010.csv,5,5.01,1660853812.5748262,1660853817.5803041
0,pv.insight.nrel,PVO/PVOutput/10010.csv,5,5.01,1660853813.067071,1660853818.0724967
0,pv.insight.nrel,PVO/PVOutput/10010.csv,5,5.0,1660853813.5619087,1660853818.5658014
0,pv.insight.nrel,PVO/PVOutput/10010.csv,5,5.01,1660853814.0412114,1660853819.0465565
0,pv.insight.nrel,PVO/PVOutput/10010.csv,5,5.01,1660853814.5240517,1660853819.5295107
0,pv.insight.nrel,PVO/PVOutput/10010.csv,5,5.01,1660853815.010656,1660853820.016025
0,pv.insight.nrel,PVO/PVOutput/10010.csv,5,5.01,1660853815.4979217,1660853820.503316
0,pv.insight.nrel,PVO/PVOutput/10010.csv,5,5.01,1660853815.9776993,1660853820.9830492
0,pv.insight.nrel,PVO/PVOutput/10010.csv,5,5.01,1660853816.4719737,1660853821.4773493
0,pv.insight.nrel,PVO/PVOutput/10010.csv,5,5.0,1660853816.9585245,1660853821.9634874
0,pv.insight.nrel,PVO/PVOutput/10010.csv,5,5.01,1660853817.5504203,1660853822.5558996
0,pv.insight.nrel,PVO/PVOutput/10010.csv,5,5.01,1660853817.9412642,1660853822.9467332
0,pv.insight.nrel,PVO/PVOutput/10010.csv,5,5.01,1660853818.540085,1660853823.54549
0,pv.insight.nrel,PVO/PVOutput/10010.csv,5,5.01,1660853819.030459,1660853824.0358646
0,pv.insight.nrel,PVO/PVOutput/10010.csv,5,5.01,1660853819.5183964,1660853824.5238006
0,pv.insight.nrel,PVO/PVOutput/10010.csv,5,5.0,1660853820.0023353,1660853825.0040958
0,pv.insight.nrel,PVO/PVOutput/10010.csv,5,5.0,1660853820.4942594,1660853825.495544
0,pv.insight.nrel,PVO/PVOutput/10010.csv,5,5.01,1660853821.0337508,1660853826.0392332
0,pv.insight.nrel,PVO/PVOutput/10010.csv,5,5.01,1660853821.5404916,1660853826.545977
0,pv.insight.nrel,PVO/PVOutput/10010.csv,5,5.01,1660853822.0317705,1660853827.0371993
0,pv.insight.nrel,PVO/PVOutput/10010.csv,5,5.01,1660853822.5776687,1660853827.5831032
0,pv.insight.nrel,PVO/PVOutput/10010.csv,5,5.0,1660853823.124703,1660853828.1280713
0,pv.insight.nrel,PVO/PVOutput/10010.csv,5,5.01,1660853823.624337,1660853828.6297777
0,pv.insight.nrel,PVO/PVOutput/10010.csv,5,5.0,1660853824.12216,1660853829.1271486
0,pv.insight.nrel,PVO/PVOutput/10010.csv,5,5.01,1660853824.6283443,1660853829.633775
0,pv.insight.nrel,PVO/PVOutput/10010.csv,5,5.0,1660853825.2282352,1660853830.2328947
0,pv.insight.nrel,PVO/PVOutput/10010.csv,5,5.0,1660853825.7259398,1660853830.726844
0,pv.insight.nrel,PVO/PVOutput/10010.csv,5,5.0,1660853826.2376971,1660853831.240233
0,pv.insight.nrel,PVO/PVOutput/10010.csv,5,5.0,1660853826.7513118,1660853831.752103
0,pv.insight.nrel,PVO/PVOutput/10010.csv,5,5.0,1660853827.2454138,1660853832.2480605
0,pv.insight.nrel,PVO/PVOutput/10010.csv,5,5.01,1660853827.741602,1660853832.7469704
0,pv.insight.nrel,PVO/PVOutput/10010.csv,5,5.0,1660853828.2356904,1660853833.2361538
0,pv.insight.nrel,PVO/PVOutput/10010.csv,5,5.0,1660853828.732761,1660853833.7343957
0,pv.insight.nrel,PVO/PVOutput/10010.csv,5,5.01,1660853829.2083592,1660853834.213832
0,pv.insight.nrel,PVO/PVOutput/10010.csv,5,5.01,1660853829.6999679,1660853834.705464
0,pv.insight.nrel,PVO/PVOutput/10010.csv,5,5.0,1660853830.2001157,1660853835.20414
0,pv.insight.nrel,PVO/PVOutput/10010.csv,5,5.01,1660853830.6739967,1660853835.6794512
0,pv.insight.nrel,PVO/PVOutput/10010.csv,5,5.0,1660853831.1635954,1660853836.1649456
0,pv.insight.nrel,PVO/PVOutput/10010.csv,5,5.0,1660853831.6470654,1660853836.6493948
0,pv.insight.nrel,PVO/PVOutput/10010.csv,5,5.0,1660853832.1224918,1660853837.1260173
0,pv.insight.nrel,PVO/PVOutput/10010.csv,5,5.01,1660853832.608161,1660853837.6135275
0,pv.insight.nrel,PVO/PVOutput/10010.csv,5,5.0,1660853833.1063128,1660853838.10731
0,pv.insight.nrel,PVO/PVOutput/10010.csv,5,5.01,1660853833.6024692,1660853838.6078987
0,pv.insight.nrel,PVO/PVOutput/10010.csv,5,5.0,1660853834.1021729,1660853839.1034942
0,pv.insight.nrel,PVO/PVOutput/10010.csv,5,5.01,1660853834.6158772,1660853839.6212592
0,pv.insight.nrel,PVO/PVOutput/10010.csv,5,5.01,1660853835.1972873,1660853840.2026494
0,pv.insight.nrel,PVO/PVOutput/10010.csv,5,5.0,1660853835.742191,1660853840.744191
0,pv.insight.nrel,PVO/PVOutput/10010.csv,5,5.0,1660853836.2378645,1660853841.2401311
0,pv.insight.nrel,PVO/PVOutput/10010.csv,5,5.0,1660853836.7303789,1660853841.7337532
0,pv.insight.nrel,PVO/PVOutput/10010.csv,5,5.01,1660853837.2350821,1660853842.240557
0,pv.insight.nrel,PVO/PVOutput/10010.csv,5,5.01,1660853837.7312322,1660853842.7366924
0,pv.insight.nrel,PVO/PVOutput/10010.csv,5,5.01,1660853838.2309961,1660853843.2364345
0,pv.insight.nrel,PVO/PVOutput/10010.csv,5,5.0,1660853838.7360635,1660853843.7402978
0,pv.insight.nrel,PVO/PVOutput/10010.csv,5,5.01,1660853839.2490363,1660853844.254453
0,pv.insight.nrel,PVO/PVOutput/10010.csv,5,5.0,1660853839.7458973,1660853844.748784
0,pv.insight.nrel,PVO/PVOutput/10010.csv,5,5.0,1660853840.2324023,1660853845.23616
0,pv.insight.nrel,PVO/PVOutput/10010.csv,5,5.01,1660853840.717253,1660853845.7227354
0,pv.insight.nrel,PVO/PVOutput/10010.csv,5,5.0,1660853841.2001064,1660853846.2041376
0,pv.insight.nrel,PVO/PVOutput/10010.csv,5,5.01,1660853841.7420359,1660853846.7474988
0,pv.insight.nrel,PVO/PVOutput/10010.csv,5,5.01,1660853842.2872536,1660853847.2927668
0,pv.insight.nrel,PVO/PVOutput/10010.csv,5,5.0,1660853842.76615,1660853847.7682302
0,pv.insight.nrel,PVO/PVOutput/10010.csv,5,5.01,1660853843.2597632,1660853848.265126
0,pv.insight.nrel,PVO/PVOutput/10010.csv,5,5.01,1660853843.7788255,1660853848.7841053
0,pv.insight.nrel,PVO/PVOutput/10010.csv,5,5.01,1660853844.3379426,1660853849.3433044
0,pv.insight.nrel,PVO/PVOutput/10010.csv,5,5.0,1660853844.8317182,1660853849.8361475
0,pv.insight.nrel,PVO/PVOutput/10010.csv,5,5.0,1660853845.3202379,1660853850.3241565
0,pv.insight.nrel,PVO/PVOutput/10010.csv,5,5.01,1660853845.819042,1660853850.8243973
0,pv.insight.nrel,PVO/PVOutput/10010.csv,5,5.01,1660853846.3257258,1660853851.3310869
0,pv.insight.nrel,PVO/PVOutput/10010.csv,5,5.0,1660853846.8089964,1660853851.8113484
0,pv.insight.nrel,PVO/PVOutput/10010.csv,5,5.01,1660853847.2984054,1660853852.3037648
0,pv.insight.nrel,PVO/PVOutput/10010.csv,5,5.0,1660853847.894765,1660853852.895656
0,pv.insight.nrel,PVO/PVOutput/10010.csv,5,5.01,1660853848.4111776,1660853853.4165206
0,pv.insight.nrel,PVO/PVOutput/10010.csv,5,5.0,1660853848.8934915,1660853853.8960884
0,pv.insight.nrel,PVO/PVOutput/10010.csv,5,5.0,1660853849.3885849,1660853854.3893533
0,pv.insight.nrel,PVO/PVOutput/10010.csv,5,5.01,1660853849.8928149,1660853854.89824
0,pv.insight.nrel,PVO/PVOutput/10010.csv,5,5.0,1660853850.3935585,1660853855.3961103
0,pv.insight.nrel,PVO/PVOutput/10010.csv,5,5.0,1660853850.8823302,1660853855.884849
0,pv.insight.nrel,PVO/PVOutput/10010.csv,5,5.01,1660853851.3623552,1660853856.3677588
0,pv.insight.nrel,PVO/PVOutput/10010.csv,5,5.01,1660853851.8479931,1660853856.8533876
0,pv.insight.nrel,PVO/PVOutput/10010.csv,5,5.01,1660853852.3994167,1660853857.4044273
0,pv.insight.nrel,PVO/PVOutput/10010.csv,5,5.0,1660853852.8750188,1660853857.8761125
0,pv.insight.nrel,PVO/PVOutput/10010.csv,5,5.01,1660853853.3683743,1660853858.3737895
0,pv.insight.nrel,PVO/PVOutput/10010.csv,5,5.0,1660853853.8594334,1660853858.8641114
0,pv.insight.nrel,PVO/PVOutput/10010.csv,5,5.0,1660853854.350468,1660853859.3522322
0,pv.insight.nrel,PVO/PVOutput/10010.csv,5,5.01,1660853854.899133,1660853859.9042008
0,pv.insight.nrel,PVO/PVOutput/10010.csv,5,5.01,1660853855.3898249,1660853860.3952165
0,pv.insight.nrel,PVO/PVOutput/10010.csv,5,5.01,1660853855.8747394,1660853860.8801873
0,pv.insight.nrel,PVO/PVOutput/10010.csv,5,5.01,1660853856.3540368,1660853861.3594153
0,pv.insight.nrel,PVO/PVOutput/10010.csv,5,5.0,1660853856.954767,1660853861.9560835
0,pv.insight.nrel,PVO/PVOutput/10010.csv,5,5.0,1660853857.4336143,1660853862.4361691
0,pv.insight.nrel,PVO/PVOutput/10010.csv,5,5.01,1660853857.9876332,1660853862.9930866
0,pv.insight.nrel,PVO/PVOutput/10010.csv,5,5.01,1660853858.4670424,1660853863.4721978
0,pv.insight.nrel,PVO/PVOutput/10010.csv,5,5.01,1660853858.940909,1660853863.946374
0,pv.insight.nrel,PVO/PVOutput/10010.csv,5,5.0,1660853859.4173524,1660853864.4201283
0,pv.insight.nrel,PVO/PVOutput/10010.csv,5,5.01,1660853859.894982,1660853864.9003725
0,pv.insight.nrel,PVO/PVOutput/10010.csv,5,5.0,1660853860.3820477,1660853865.3866246
0,pv.insight.nrel,PVO/PVOutput/10010.csv,5,5.01,1660853860.964545,1660853865.9699223
0,pv.insight.nrel,PVO/PVOutput/10010.csv,5,5.0,1660853861.4477265,1660853866.452135
0,pv.insight.nrel,PVO/PVOutput/10010.csv,5,5.0,1660853861.9309697,1660853866.9350302
0,pv.insight.nrel,PVO/PVOutput/10010.csv,5,5.01,1660853862.4109485,1660853867.4163704
0,pv.insight.nrel,PVO/PVOutput/10010.csv,5,5.01,1660853863.0554578,1660853868.0608284
0,pv.insight.nrel,PVO/PVOutput/10010.csv,5,5.01,1660853863.6117206,1660853868.6171484
0,pv.insight.nrel,PVO/PVOutput/10010.csv,5,5.0,1660853864.0918229,1660853869.0934067
0,pv.insight.nrel,PVO/PVOutput/10010.csv,5,5.01,1660853864.5800996,1660853869.5854688
0,pv.insight.nrel,PVO/PVOutput/10010.csv,5,5.01,1660853865.0642545,1660853870.0696142
0,pv.insight.nrel,PVO/PVOutput/10010.csv,5,5.01,1660853865.6091437,1660853870.6145225
0,pv.insight.nrel,PVO/PVOutput/10010.csv,5,5.0,1660853866.1531549,1660853871.1562688
0,pv.insight.nrel,PVO/PVOutput/10010.csv,5,5.01,1660853866.6524427,1660853871.6579313
0,pv.insight.nrel,PVO/PVOutput/10010.csv,5,5.01,1660853867.137467,1660853872.1428359
0,pv.insight.nrel,PVO/PVOutput/10010.csv,5,5.01,1660853867.6383326,1660853872.6437461
0,pv.insight.nrel,PVO/PVOutput/10010.csv,5,5.0,1660853868.122592,1660853873.124128
0,pv.insight.nrel,PVO/PVOutput/10010.csv,5,5.01,1660853868.6274343,1660853873.632751
0,pv.insight.nrel,PVO/PVOutput/10010.csv,5,5.01,1660853869.1321867,1660853874.1375816
0,pv.insight.nrel,PVO/PVOutput/10010.csv,5,5.0,1660853869.6191864,1660853874.6211915
0,pv.insight.nrel,PVO/PVOutput/10010.csv,5,5.0,1660853870.109642,1660853875.112885
0,pv.insight.nrel,PVO/PVOutput/10010.csv,5,5.01,1660853870.6026475,1660853875.6078315
0,pv.insight.nrel,PVO/PVOutput/10010.csv,5,5.01,1660853871.1025314,1660853876.1079566
0,pv.insight.nrel,PVO/PVOutput/10010.csv,5,5.01,1660853871.6574848,1660853876.662927
0,pv.insight.nrel,PVO/PVOutput/10010.csv,5,5.01,1660853872.1490357,1660853877.1544793
0,pv.insight.nrel,PVO/PVOutput/10010.csv,5,5.01,1660853872.623603,1660853877.629066
0,pv.insight.nrel,PVO/PVOutput/10010.csv,5,5.0,1660853873.1723955,1660853878.1761715
0,pv.insight.nrel,PVO/PVOutput/10010.csv,5,5.01,1660853873.6656353,1660853878.6711807
0,pv.insight.nrel,PVO/PVOutput/10010.csv,5,5.0,1660853874.1728024,1660853879.1766367
0,pv.insight.nrel,PVO/PVOutput/10010.csv,5,5.01,1660853874.7572773,1660853879.7627854
0,pv.insight.nrel,PVO/PVOutput/10010.csv,5,5.01,1660853875.2498863,1660853880.2553973
0,pv.insight.nrel,PVO/PVOutput/10010.csv,5,5.0,1660853875.7407985,1660853880.7440639
0,pv.insight.nrel,PVO/PVOutput/10010.csv,5,5.01,1660853876.2422326,1660853881.2475896
0,pv.insight.nrel,PVO/PVOutput/10010.csv,5,5.01,1660853876.8454566,1660853881.850858
0,pv.insight.nrel,PVO/PVOutput/10010.csv,5,5.0,1660853877.3638108,1660853882.3673692
0,pv.insight.nrel,PVO/PVOutput/10010.csv,5,5.0,1660853877.8660572,1660853882.868171
0,pv.insight.nrel,PVO/PVOutput/10010.csv,5,5.01,1660853878.3637261,1660853883.3691041
0,pv.insight.nrel,PVO/PVOutput/10010.csv,5,5.01,1660853878.8929548,1660853883.8983052
0,pv.insight.nrel,PVO/PVOutput/10010.csv,5,5.01,1660853879.37537,1660853884.3808312
0,pv.insight.nrel,PVO/PVOutput/10010.csv,5,5.01,1660853879.8759687,1660853884.8813443
0,pv.insight.nrel,PVO/PVOutput/10010.csv,5,5.01,1660853880.4635959,1660853885.4689677
0,pv.insight.nrel,PVO/PVOutput/10010.csv,5,5.01,1660853880.9618552,1660853885.967175
0,pv.insight.nrel,PVO/PVOutput/10010.csv,5,5.0,1660853881.4535584,1660853886.457804
0,pv.insight.nrel,PVO/PVOutput/10010.csv,5,5.01,1660853882.00446,1660853887.0098417
0,pv.insight.nrel,PVO/PVOutput/10010.csv,5,5.0,1660853882.510032,1660853887.512089
0,pv.insight.nrel,PVO/PVOutput/10010.csv,5,5.01,1660853883.010857,1660853888.0163226
0,pv.insight.nrel,PVO/PVOutput/10010.csv,5,5.0,1660853883.4860122,1660853888.4885786
0,pv.insight.nrel,PVO/PVOutput/10010.csv,5,5.01,1660853883.9749663,1660853888.9804015
0,pv.insight.nrel,PVO/PVOutput/10010.csv,5,5.0,1660853884.5725257,1660853889.5761366
0,pv.insight.nrel,PVO/PVOutput/10010.csv,5,5.01,1660853885.0677836,1660853890.0731897
0,pv.insight.nrel,PVO/PVOutput/10010.csv,5,5.0,1660853885.5573215,1660853890.5611985
0,pv.insight.nrel,PVO/PVOutput/10010.csv,5,5.0,1660853886.1395562,1660853891.1439967
0,pv.insight.nrel,PVO/PVOutput/10010.csv,5,5.01,1660853886.6224082,1660853891.6279614
0,pv.insight.nrel,PVO/PVOutput/10010.csv,5,5.01,1660853887.1037796,1660853892.1092176
0,pv.insight.nrel,PVO/PVOutput/10010.csv,5,5.01,1660853887.6026602,1660853892.608174
0,pv.insight.nrel,PVO/PVOutput/10010.csv,5,5.01,1660853888.0736237,1660853893.0790567
0,pv.insight.nrel,PVO/PVOutput/10010.csv,5,5.0,1660853888.6020982,1660853893.6038823
0,pv.insight.nrel,PVO/PVOutput/10010.csv,5,5.0,1660853889.1237776,1660853894.128147
0,pv.insight.nrel,PVO/PVOutput/10010.csv,5,5.01,1660853889.6223025,1660853894.6277418
0,pv.insight.nrel,PVO/PVOutput/10010.csv,5,5.0,1660853890.127378,1660853895.1321735
0,pv.insight.nrel,PVO/PVOutput/10010.csv,5,5.0,1660853890.6183012,1660853895.6202266
0,pv.insight.nrel,PVO/PVOutput/10010.csv,5,5.01,1660853891.1013865,1660853896.1068819
0,pv.insight.nrel,PVO/PVOutput/10010.csv,5,5.0,1660853891.6396985,1660853896.6442208
0,pv.insight.nrel,PVO/PVOutput/10010.csv,5,5.0,1660853892.1345766,1660853897.1377141
0,pv.insight.nrel,PVO/PVOutput/10010.csv,5,5.0,1660853892.618951,1660853897.6222627
0,pv.insight.nrel,PVO/PVOutput/10010.csv,5,5.0,1660853893.1150174,1660853898.1162255
0,pv.insight.nrel,PVO/PVOutput/10010.csv,5,5.01,1660853893.5963824,1660853898.601813
0,pv.insight.nrel,PVO/PVOutput/10010.csv,5,5.0,1660853894.0687792,1660853899.0707939
0,pv.insight.nrel,PVO/PVOutput/10010.csv,5,5.0,1660853894.5551991,1660853899.5601387
0,pv.insight.nrel,PVO/PVOutput/10010.csv,5,5.01,1660853895.0375748,1660853900.0429633
0,pv.insight.nrel,PVO/PVOutput/10010.csv,5,5.01,1660853895.5147486,1660853900.52025
0,pv.insight.nrel,PVO/PVOutput/10010.csv,5,5.01,1660853896.017048,1660853901.0224025
0,pv.insight.nrel,PVO/PVOutput/10010.csv,5,5.0,1660853896.5483534,1660853901.5495856
0,pv.insight.nrel,PVO/PVOutput/10010.csv,5,5.0,1660853897.0296447,1660853902.032135
0,pv.insight.nrel,PVO/PVOutput/10010.csv,5,5.01,1660853897.5164268,1660853902.5218015
0,pv.insight.nrel,PVO/PVOutput/10010.csv,5,5.01,1660853898.008071,1660853903.0134978
0,pv.insight.nrel,PVO/PVOutput/10010.csv,5,5.01,1660853898.5033884,1660853903.508789
0,pv.insight.nrel,PVO/PVOutput/10010.csv,5,5.01,1660853899.0072749,1660853904.0127974
0,pv.insight.nrel,PVO/PVOutput/10010.csv,5,5.01,1660853899.518444,1660853904.5238743
0,pv.insight.nrel,PVO/PVOutput/10010.csv,5,5.0,1660853900.0173438,1660853905.0200608
0,pv.insight.nrel,PVO/PVOutput/10010.csv,5,5.01,1660853900.511925,1660853905.5172815
0,pv.insight.nrel,PVO/PVOutput/10010.csv,5,5.0,1660853901.0651941,1660853906.0663166
0,pv.insight.nrel,PVO/PVOutput/10010.csv,5,5.01,1660853901.5708609,1660853906.5762742
0,pv.insight.nrel,PVO/PVOutput/10010.csv,5,5.0,1660853902.0541015,1660853907.056988
0,pv.insight.nrel,PVO/PVOutput/10010.csv,5,5.01,1660853902.5506394,1660853907.5561209
0,pv.insight.nrel,PVO/PVOutput/10010.csv,5,5.01,1660853903.0350757,1660853908.0401058
0,pv.insight.nrel,PVO/PVOutput/10010.csv,5,5.01,1660853903.523465,1660853908.5289123
0,pv.insight.nrel,PVO/PVOutput/10010.csv,5,5.01,1660853904.0084004,1660853909.0137815
0,pv.insight.nrel,PVO/PVOutput/10010.csv,5,5.0,1660853904.5045278,1660853909.5081143
0,pv.insight.nrel,PVO/PVOutput/10010.csv,5,5.0,1660853905.0932882,1660853910.0961428
0,pv.insight.nrel,PVO/PVOutput/10010.csv,5,5.0,1660853905.589964,1660853910.590948
0,pv.insight.nrel,PVO/PVOutput/10010.csv,5,5.0,1660853906.0881457,1660853911.0910046
0,pv.insight.nrel,PVO/PVOutput/10010.csv,5,5.0,1660853906.5769198,1660853911.5792122
0,pv.insight.nrel,PVO/PVOutput/10010.csv,5,5.0,1660853907.0570354,1660853912.0599136
0,pv.insight.nrel,PVO/PVOutput/10010.csv,5,5.01,1660853907.5274093,1660853912.5329075
0,pv.insight.nrel,PVO/PVOutput/10010.csv,5,5.01,1660853908.0260527,1660853913.0314178
0,pv.insight.nrel,PVO/PVOutput/10010.csv,5,5.01,1660853908.533779,1660853913.539156
0,pv.insight.nrel,PVO/PVOutput/10010.csv,5,5.0,1660853909.0340426,1660853914.0386689
0,pv.insight.nrel,PVO/PVOutput/10010.csv,5,5.01,1660853909.5473275,1660853914.5526977
0,pv.insight.nrel,PVO/PVOutput/10010.csv,5,5.0,1660853910.073941,1660853915.0779505
0,pv.insight.nrel,PVO/PVOutput/10010.csv,5,5.01,1660853910.590666,1660853915.5960214
0,pv.insight.nrel,PVO/PVOutput/10010.csv,5,5.0,1660853911.1874857,1660853916.1917565
0,pv.insight.nrel,PVO/PVOutput/10010.csv,5,5.01,1660853911.7378695,1660853916.7432823
0,pv.insight.nrel,PVO/PVOutput/10010.csv,5,5.01,1660853912.3267615,1660853917.33214
0,pv.insight.nrel,PVO/PVOutput/10010.csv,5,5.01,1660853912.8311775,1660853917.8365543
0,pv.insight.nrel,PVO/PVOutput/10010.csv,5,5.01,1660853913.339324,1660853918.3446913
0,pv.insight.nrel,PVO/PVOutput/10010.csv,5,5.0,1660853913.8341663,1660853918.8358922
0,pv.insight.nrel,PVO/PVOutput/10010.csv,5,5.0,1660853914.4091895,1660853919.4121175
0,pv.insight.nrel,PVO/PVOutput/10010.csv,5,5.01,1660853914.9010792,1660853919.9064934
0,pv.insight.nrel,PVO/PVOutput/10010.csv,5,5.01,1660853915.4009104,1660853920.406341
0,pv.insight.nrel,PVO/PVOutput/10010.csv,5,5.01,1660853915.8910856,1660853920.896215
0,pv.insight.nrel,PVO/PVOutput/10010.csv,5,5.01,1660853916.37893,1660853921.384326
0,pv.insight.nrel,PVO/PVOutput/10010.csv,5,5.01,1660853916.8690581,1660853921.8744516
0,pv.insight.nrel,PVO/PVOutput/10010.csv,5,5.01,1660853917.4077964,1660853922.4132192
0,pv.insight.nrel,PVO/PVOutput/10010.csv,5,5.01,1660853917.9077103,1660853922.9131694
0,pv.insight.nrel,PVO/PVOutput/10010.csv,5,5.01,1660853918.45797,1660853923.4634955
0,pv.insight.nrel,PVO/PVOutput/10010.csv,5,5.01,1660853918.9562786,1660853923.961719
0,pv.insight.nrel,PVO/PVOutput/10010.csv,5,5.01,1660853919.4503362,1660853924.455771
0,pv.insight.nrel,PVO/PVOutput/10010.csv,5,5.01,1660853919.9324045,1660853924.9378662
0,pv.insight.nrel,PVO/PVOutput/10010.csv,5,5.01,1660853920.4218078,1660853925.4272196
0,pv.insight.nrel,PVO/PVOutput/10010.csv,5,5.01,1660853920.9148536,1660853925.9200783
0,pv.insight.nrel,PVO/PVOutput/10010.csv,5,5.01,1660853921.4654863,1660853926.4709268
0,pv.insight.nrel,PVO/PVOutput/10010.csv,5,5.01,1660853921.9667716,1660853926.9722443
0,pv.insight.nrel,PVO/PVOutput/10010.csv,5,5.01,1660853922.4546149,1660853927.4601574
0,pv.insight.nrel,PVO/PVOutput/10010.csv,5,5.0,1660853923.4171343,1660853928.4197898
0,pv.insight.nrel,PVO/PVOutput/10010.csv,5,5.01,1660853924.441717,1660853929.4471052
1,pv.insight.nrel,PVO/PVOutput/10010.csv,5,5.01,1660853924.9130545,1660853929.9183903
0,pv.insight.nrel,PVO/PVOutput/10010.csv,5,5.0,1660853923.9099913,1660853928.9122455
1,pv.insight.nrel,PVO/PVOutput/10010.csv,5,5.01,1660853925.4419668,1660853930.4473336
2,pv.insight.nrel,PVO/PVOutput/10010.csv,5,5.0,1660853925.9259267,1660853930.929123
0,pv.insight.nrel,PVO/PVOutput/10010.csv,5,5.01,1660853926.4190106,1660853931.4244478
0,pv.insight.nrel,PVO/PVOutput/10010.csv,5,5.01,1660853922.9321473,1660853927.9375992
0,pv.insight.nrel,PVO/PVOutput/10010.csv,5,5.01,1660853926.9152143,1660853931.920542
0,pv.insight.nrel,PVO/PVOutput/10010.csv,5,5.0,1660853927.4093587,1660853932.4113271
0,pv.insight.nrel,PVO/PVOutput/10010.csv,5,5.0,1660853927.9094138,1660853932.9128573
