,file_name,column_name,task_id,start_time,end_time,hostname,host_ip,pid,alert_type
0,IEEE-1/37.glm,None,4a91269d-c87a-4b41-be92-4af0bba1ea7c,1660282212.9462702,1660282213.5793874,worker-958c7bb4d-ft7sm,192.168.25.152,11,SYSTEM_ERROR
0,IEEE/123.glm,None,00c996b7-fa5d-4e9c-b762-12d20feec648,1660282213.010289,1660282214.2496655,worker-958c7bb4d-4skc7,192.168.63.107,10,SAVED_DATA
1,IEEE/13.glm,None,b2c513aa-4969-41b5-85a7-89a371788f42,1660282213.039151,1660282214.508678,worker-958c7bb4d-m24bg,192.168.25.179,10,SAVED_DATA
0,IEEE-1/13.glm,None,290d8617-1b01-443b-afd5-0f2deb6078a8,1660282212.8887172,1660282214.2499049,worker-958c7bb4d-4skc7,192.168.63.107,11,SAVED_DATA
1,IEEE-1/123.glm,None,c8c73ca2-40bf-4dfe-ac14-402e96b706c8,1660282212.8142395,1660282214.3605666,worker-958c7bb4d-q8l8z,192.168.75.77,11,SAVED_DATA
2,IEEE/37.glm,None,33232a5b-ad76-4a30-ab33-4bf4cde2b4cf,1660282214.4338558,1660282214.7199237,worker-958c7bb4d-q8l8z,192.168.75.77,11,SYSTEM_ERROR
0,PG&E-1/BU0001.glm,None,216a24d0-cee2-4883-b731-6a5d8bcc7cc1,1660282214.3475766,1660282217.915817,worker-958c7bb4d-4skc7,192.168.63.107,11,SAVED_DATA
0,IEEE/342.glm,None,50eddaf1-ca11-4d51-b0e5-93bf4d04b5bb,1660282213.070372,1660282216.8831718,worker-958c7bb4d-ft7sm,192.168.25.152,10,SAVED_DATA
1,IEEE-1/342.glm,None,d2ba48a0-e9ed-4040-8379-f63cb99b98ae,1660282212.919082,1660282217.0910404,worker-958c7bb4d-m24bg,192.168.25.179,11,SAVED_DATA
0,PG&E-1/D0001.glm,None,6fd96db7-86e3-45b0-86b3-05181f341e32,1660282217.156237,1660282220.4876826,worker-958c7bb4d-m24bg,192.168.25.179,11,SAVED_DATA
0,PG&E-1/BR0015.glm,None,f8732ba6-9798-4640-ad88-f91ba35cf181,1660282214.794465,1660282221.2124135,worker-958c7bb4d-q8l8z,192.168.75.77,11,SAVED_DATA
0,IEEE-1/8500.glm,None,f73980a3-b834-4d15-b4c8-24aa163559d5,1660282212.9785476,1660282222.3382409,worker-958c7bb4d-q8l8z,192.168.75.77,10,SAVED_DATA
0,PG&E-1/MO0001.glm,None,56905a94-3c53-4db1-b84b-70a9c928b65e,1660282220.5415776,1660282223.5425377,worker-958c7bb4d-m24bg,192.168.25.179,11,SAVED_DATA
0,IEEE/8500.glm,None,22221eee-f330-4f11-9a17-96db82804e2b,1660282214.3456872,1660282223.780014,worker-958c7bb4d-4skc7,192.168.63.107,10,SAVED_DATA
0,PG&E-1/AT0001.glm,None,1c630eda-f449-4843-9152-28496ef49aa0,1660282213.6395607,1660282226.3260088,worker-958c7bb4d-ft7sm,192.168.25.152,11,SAVED_DATA
0,PG&E-1/PL0001.glm,None,2bffc83e-fa46-42ce-9a8f-73e942cddd5c,1660282222.4046602,1660282229.1923487,worker-958c7bb4d-q8l8z,192.168.75.77,10,SAVED_DATA
0,PG&E-1/AL0001.glm,None,e6a789b2-64e7-44d5-a312-b5e2587ee663,1660282214.6179266,1660282232.6789947,worker-958c7bb4d-m24bg,192.168.25.179,10,SAVED_DATA
0,PG&E/BR0015.glm,None,19d99005-dcb6-43c7-95dc-91ad2669d5af,1660282229.262238,1660282235.6307073,worker-958c7bb4d-q8l8z,192.168.75.77,10,SAVED_DATA
0,PG&E/D0001.glm,None,af9248cc-db9e-4b23-8abf-e6accabccfcc,1660282232.7458646,1660282235.859791,worker-958c7bb4d-m24bg,192.168.25.179,10,SAVED_DATA
0,PG&E-1/OC0001.glm,None,541ee4f7-891d-4444-a026-c0c4ba3dabb6,1660282226.3755612,1660282236.975709,worker-958c7bb4d-ft7sm,192.168.25.152,11,SAVED_DATA
0,PG&E/MO0001.glm,None,168970e6-9ea2-4892-bb1a-a98aa6677e66,1660282235.929856,1660282239.0430512,worker-958c7bb4d-m24bg,192.168.25.179,10,SAVED_DATA
0,gridlabd-4/IEEE-1/123.glm,None,8c4d31b6-f25a-4bf7-a88c-d8950f8761fc,1660282239.1054,1660282240.3872864,worker-958c7bb4d-m24bg,192.168.25.179,10,SAVED_DATA
0,PG&E/AL0001.glm,None,9faa656e-074c-4724-a853-2d5e5fa1d80e,1660282223.6059775,1660282240.750183,worker-958c7bb4d-m24bg,192.168.25.179,11,SAVED_DATA
0,PG&E-1/TMP0009.glm,None,7eab7f85-5422-44ae-ab36-1d8a128ed7ce,1660282223.8376403,1660282244.4512403,worker-958c7bb4d-4skc7,192.168.63.107,10,SAVED_DATA
0,PG&E-1/MC0001.glm,None,bcf7a59e-a16d-472c-bd25-3ddbacc831e9,1660282221.2821486,1660282247.7668667,worker-958c7bb4d-q8l8z,192.168.75.77,11,SAVED_DATA
0,PG&E/BU0001.glm,None,dc9b3d01-aa0b-44a6-b9e8-76f8d5dc99ae,1660282244.5015635,1660282248.0644329,worker-958c7bb4d-4skc7,192.168.63.107,10,SAVED_DATA
0,PG&E/AT0001.glm,None,83c48e46-bb03-4844-a5c3-5a1d9fbea015,1660282237.0395718,1660282249.5388675,worker-958c7bb4d-ft7sm,192.168.25.152,11,SAVED_DATA
0,gridlabd-4/IEEE-1/8500.glm,None,3454f157-84a7-4995-ab45-7e4338ec88b8,1660282240.4578848,1660282250.1377661,worker-958c7bb4d-m24bg,192.168.25.179,10,SAVED_DATA
0,gridlabd-4/PG&E-1/BU0001.glm,None,46304ef4-ce00-4860-b1cd-675b8388751e,1660282250.1897626,1660282253.7427676,worker-958c7bb4d-m24bg,192.168.25.179,10,SAVED_DATA
0,PG&E/PL0001.glm,None,0dec4797-760d-4825-b404-965957d62a8c,1660282247.8301942,1660282254.5410109,worker-958c7bb4d-q8l8z,192.168.75.77,11,SAVED_DATA
0,PG&E-1/HL0004.glm,None,e1ec0b16-e3ef-442c-90cf-85034369e3dc,1660282216.9363906,1660282257.7536573,worker-958c7bb4d-ft7sm,192.168.25.152,10,SAVED_DATA
0,gridlabd-4/PG&E-1/AL0001.glm,None,0e63fc6f-7ab3-495c-b298-fa36af37eabe,1660282240.816361,1660282257.8592486,worker-958c7bb4d-m24bg,192.168.25.179,11,SAVED_DATA
0,gridlabd-4/IEEE-1/342.glm,None,0def8951-db2e-4226-8a52-54971c9c3a46,1660282254.6301935,1660282258.2517908,worker-958c7bb4d-q8l8z,192.168.75.77,11,SAVED_DATA
0,gridlabd-4/PG&E-1/MO0001.glm,None,4bf5fbcf-a657-4e91-a550-ae4d001869d7,1660282257.911504,1660282260.9992406,worker-958c7bb4d-m24bg,192.168.25.179,11,SAVED_DATA
0,PG&E/MC0001.glm,None,87c648bb-f9bb-4545-a680-529406d8b6f5,1660282235.7061954,1660282262.1816525,worker-958c7bb4d-q8l8z,192.168.75.77,10,SAVED_DATA
0,gridlabd-4/IEEE/8500.glm,None,03b39a83-afb1-4e14-a030-8cf19ad100f5,1660282258.3230162,1660282267.9262006,worker-958c7bb4d-q8l8z,192.168.75.77,11,SAVED_DATA
0,PG&E/OC0001.glm,None,c93fc710-99cf-44ca-9d13-61d27adcf622,1660282257.8157883,1660282268.496665,worker-958c7bb4d-ft7sm,192.168.25.152,10,SAVED_DATA
0,gridlabd-4/IEEE-1/13.glm,None,a01305f7-317a-4100-868c-17af44451452,1660282268.553726,1660282269.6560943,worker-958c7bb4d-ft7sm,192.168.25.152,10,SAVED_DATA
0,gridlabd-4/IEEE/123.glm,None,c1deb1c3-4f55-42f7-a9bb-2415006cb25d,1660282269.717167,1660282270.9377968,worker-958c7bb4d-ft7sm,192.168.25.152,10,SAVED_DATA
0,gridlabd-4/IEEE/13.glm,None,a09d019f-d6d4-4fc2-92a2-25c215c3f79b,1660282271.0060132,1660282272.1685753,worker-958c7bb4d-ft7sm,192.168.25.152,10,SAVED_DATA
0,gridlabd-4/PG&E-1/AT0001.glm,None,7642b742-b5fc-40e9-a443-8ebdf91e9b3b,1660282262.2499669,1660282274.8748844,worker-958c7bb4d-q8l8z,192.168.75.77,10,SAVED_DATA
0,gridlabd-4/PG&E-1/BR0015.glm,None,740e0ff6-2953-4344-8007-69c4a6966ec6,1660282272.2266464,1660282278.7499716,worker-958c7bb4d-ft7sm,192.168.25.152,10,SAVED_DATA
0,gridlabd-4/PG&E/AL0001.glm,None,c5135883-6fde-4794-a0b8-c835c4c93245,1660282261.0754821,1660282278.2013488,worker-958c7bb4d-m24bg,192.168.25.179,11,SAVED_DATA
0,gridlabd-4/PG&E/BR0015.glm,None,8ffb71be-fc5d-4a18-8abe-9d25ea3cb2d4,1660282278.2736478,1660282284.791525,worker-958c7bb4d-m24bg,192.168.25.179,11,SAVED_DATA
0,gridlabd-4/PG&E-1/PL0001.glm,None,b0ec4353-9fa5-41ab-970a-cba4c1674093,1660282278.8025618,1660282285.6529374,worker-958c7bb4d-ft7sm,192.168.25.152,10,SAVED_DATA
0,gridlabd-4/PG&E/D0001.glm,None,7b69b892-5276-4719-827f-111d12ca6991,1660282284.857471,1660282288.020825,worker-958c7bb4d-m24bg,192.168.25.179,11,SAVED_DATA
0,gridlabd-4/PG&E/BU0001.glm,None,441fe69c-a0ad-4372-8883-5ee60f707d61,1660282285.717312,1660282289.5711944,worker-958c7bb4d-ft7sm,192.168.25.152,10,SAVED_DATA
0,PG&E/HL0004.glm,None,26938361-0ea5-455d-bf16-ec55eabff87c,1660282249.5975928,1660282290.4641273,worker-958c7bb4d-ft7sm,192.168.25.152,11,SAVED_DATA
0,gridlabd-4/taxonomy-1/R1-12470-3.glm,None,7fdc9037-160d-436d-adf1-a6c89355150a,1660282290.5305023,1660282291.6895893,worker-958c7bb4d-ft7sm,192.168.25.152,11,SAVED_DATA
0,gridlabd-4/taxonomy-1/R2-25000-4.glm,None,13847ebb-d926-4f3e-8f97-da757f7ac798,1660282291.7499118,1660282293.7674205,worker-958c7bb4d-ft7sm,192.168.25.152,11,SAVED_DATA
0,gridlabd-4/PG&E-1/HL0004.glm,None,5b0aa194-55e2-42dc-92a6-28996b331533,1660282253.8219037,1660282294.410408,worker-958c7bb4d-m24bg,192.168.25.179,10,SAVED_DATA
0,gridlabd-4/PG&E-1/MC0001.glm,None,02348128-36d8-4fc4-bb25-1fce3661d9d9,1660282268.005779,1660282294.6278567,worker-958c7bb4d-q8l8z,192.168.75.77,11,SAVED_DATA
0,gridlabd-4/PG&E/PL0001.glm,None,2c8dc276-3fa7-404c-9f08-21c38c5661a1,1660282289.6353407,1660282296.3720307,worker-958c7bb4d-ft7sm,192.168.25.152,10,SAVED_DATA
0,gridlabd-4/taxonomy-1/R2-35000-5.glm,None,fd69e8dc-b4a6-4133-babf-c60bff4fa0a5,1660282293.8282936,1660282298.279794,worker-958c7bb4d-ft7sm,192.168.25.152,11,SAVED_DATA
0,gridlabd-4/taxonomy-1/R3-12470-2.glm,None,3f9eb6c0-73ca-4149-b4ba-311132c2996b,1660282298.3410196,1660282299.6674075,worker-958c7bb4d-ft7sm,192.168.25.152,11,SAVED_DATA
0,gridlabd-4/taxonomy-1/R3-12470-1.glm,None,35c3c010-ec57-4a71-b43b-ce5c17a67940,1660282296.4251883,1660282299.845402,worker-958c7bb4d-ft7sm,192.168.25.152,10,SAVED_DATA
0,gridlabd-4/taxonomy-1/R4-12470-2.glm,None,ecba2106-d5b6-434c-9f53-915d89744d36,1660282299.7241886,1660282301.4985588,worker-958c7bb4d-ft7sm,192.168.25.152,11,SAVED_DATA
0,gridlabd-4/taxonomy-1/R5-12470-1.glm,None,824b0d2e-0fe9-4a38-ac8a-bb35722bb332,1660282299.9001694,1660282301.7120678,worker-958c7bb4d-ft7sm,192.168.25.152,10,SAVED_DATA
0,gridlabd-4/taxonomy-1/R5-12470-4.glm,None,b981bbd7-795d-4e2c-9346-622cb626b2ef,1660282301.762544,1660282304.089484,worker-958c7bb4d-ft7sm,192.168.25.152,10,SAVED_DATA
0,gridlabd-4/taxonomy-1/R5-12470-5.glm,None,704cda83-a9f8-4d48-9d98-ba362c89c9ee,1660282304.1389034,1660282308.1707358,worker-958c7bb4d-ft7sm,192.168.25.152,10,SAVED_DATA
0,gridlabd-4/taxonomy-1/R5-25000-6.glm,None,98889577-a787-469a-ad71-7935a43ca1f6,1660282308.2274463,1660282311.9052756,worker-958c7bb4d-ft7sm,192.168.25.152,10,SAVED_DATA
0,gridlabd-4/taxonomy/R1-12470-2.glm,None,0bd02ef1-6654-490d-8522-0281fbd3b7da,1660282311.9664328,1660282313.989704,worker-958c7bb4d-ft7sm,192.168.25.152,10,SAVED_DATA
0,gridlabd-4/PG&E-1/TMP0009.glm,None,dcede1c7-a254-4ff9-b0f5-58c88a003051,1660282294.6952522,1660282315.0104563,worker-958c7bb4d-q8l8z,192.168.75.77,11,SAVED_DATA
0,gridlabd-4/taxonomy/R1-12470-3.glm,None,23b57413-5f50-496d-9ca0-8bb00c96ea88,1660282314.0433178,1660282315.206501,worker-958c7bb4d-ft7sm,192.168.25.152,10,SAVED_DATA
0,PG&E-1/MC0006.glm,None,79e2ceca-880f-4575-b7b1-402af66c467e,1660282217.9698453,1660282316.3989015,worker-958c7bb4d-4skc7,192.168.63.107,11,SAVED_DATA
0,gridlabd-4/taxonomy-1/R5-12470-3.glm,None,67917b4b-6992-4f3a-a91d-f782686fb24e,1660282301.5545697,1660282316.48383,worker-958c7bb4d-ft7sm,192.168.25.152,11,SAVED_DATA
0,gridlabd-4/taxonomy/R1-12470-4.glm,None,bbde9cf2-b3cf-49b6-a57a-9c93d392730e,1660282315.2679992,1660282316.814534,worker-958c7bb4d-ft7sm,192.168.25.152,10,SAVED_DATA
0,gridlabd-4/taxonomy/R1-25000-5.glm,None,b66e1704-d901-4754-aa73-c38690d2c546,1660282316.5391393,1660282318.0084422,worker-958c7bb4d-ft7sm,192.168.25.152,11,SAVED_DATA
0,gridlabd-4/taxonomy/R2-12470-1.glm,None,8923549b-5614-45ef-b848-c9196fab5ed7,1660282316.8719301,1660282318.6643765,worker-958c7bb4d-ft7sm,192.168.25.152,10,SAVED_DATA
0,gridlabd-4/taxonomy/R2-12470-2.glm,None,53c7fa15-1ba0-41be-aa17-c48f7097beb7,1660282318.0772197,1660282319.7711709,worker-958c7bb4d-ft7sm,192.168.25.152,11,SAVED_DATA
0,gridlabd-4/PG&E/MC0001.glm,None,01915304-bc09-4b4d-87f3-dc3303ca2afb,1660282294.4660132,1660282320.913421,worker-958c7bb4d-m24bg,192.168.25.179,10,SAVED_DATA
0,gridlabd-4/taxonomy/R2-25000-4.glm,None,95a8bf7a-e286-4096-b79a-17da09e8d726,1660282319.8174212,1660282321.9035418,worker-958c7bb4d-ft7sm,192.168.25.152,11,SAVED_DATA
0,gridlabd-4/taxonomy/R2-12470-3.glm,None,0eba39d6-8d79-4182-be67-d13f624900a9,1660282318.7133658,1660282322.7175298,worker-958c7bb4d-ft7sm,192.168.25.152,10,SAVED_DATA
0,gridlabd-4/taxonomy/R3-12470-1.glm,None,4b44cafb-4001-4194-b2be-62d28f6427bb,1660282322.7799995,1660282326.347336,worker-958c7bb4d-ft7sm,192.168.25.152,10,SAVED_DATA
0,gridlabd-4/taxonomy/R2-35000-5.glm,None,dca1e749-cb4a-4669-988f-b1e9dfe8b93a,1660282321.956898,1660282326.615468,worker-958c7bb4d-ft7sm,192.168.25.152,11,SAVED_DATA
0,gridlabd-4/PG&E/HL0004.glm,None,5dec57bd-3193-4dd1-b906-f0f3be02dd20,1660282288.0840974,1660282328.5662863,worker-958c7bb4d-m24bg,192.168.25.179,11,SAVED_DATA
0,gridlabd-4/PG&E/AT0001.glm,None,b51f187d-bfa6-4698-a174-604f5cd73658,1660282315.0822272,1660282327.860159,worker-958c7bb4d-q8l8z,192.168.75.77,11,SAVED_DATA
1,gridlabd-4/taxonomy/R4-12470-2.glm,None,03573cc2-8f7a-4f69-9400-b3431eb714a3,1660282326.664212,1660282328.3511312,worker-958c7bb4d-ft7sm,192.168.25.152,11,SAVED_DATA
0,gridlabd-4/taxonomy/R4-25000-3.glm,None,eecea31a-828c-43c4-89df-04a950581b27,1660282328.4066865,1660282329.8766377,worker-958c7bb4d-ft7sm,192.168.25.152,11,SAVED_DATA
0,gridlabd-4/PG&E/MO0001.glm,None,a006cd70-d749-4ffd-b494-6612f435ca84,1660282327.9303997,1660282331.0036736,worker-958c7bb4d-q8l8z,192.168.75.77,11,SAVED_DATA
0,gridlabd-4/taxonomy/R5-12470-1.glm,None,af823cc3-55ed-45d5-b33f-6ada39b0bbf8,1660282329.9307594,1660282331.745079,worker-958c7bb4d-ft7sm,192.168.25.152,11,SAVED_DATA
0,gridlabd-4/taxonomy-1/R1-12470-1.glm,None,7c21699d-c9cb-4b17-9d44-e6ab5ed8ec52,1660282328.6233242,1660282332.793489,worker-958c7bb4d-m24bg,192.168.25.179,11,SAVED_DATA
0,gridlabd-4/taxonomy-1/R1-12470-2.glm,None,782a936f-4c68-4a47-b049-e66daec63a6f,1660282331.0702457,1660282333.0262752,worker-958c7bb4d-q8l8z,192.168.75.77,11,SAVED_DATA
0,gridlabd-4/taxonomy/R5-12470-2.glm,None,df2e6a50-eee6-4bac-9554-dec781c81a38,1660282331.8030725,1660282333.5910814,worker-958c7bb4d-ft7sm,192.168.25.152,11,SAVED_DATA
0,gridlabd-4/taxonomy-1/R1-12470-4.glm,None,fefa921d-b2e5-404c-a21e-8a9ced899c50,1660282332.8632736,1660282334.449128,worker-958c7bb4d-m24bg,192.168.25.179,11,SAVED_DATA
0,gridlabd-4/taxonomy-1/R1-25000-5.glm,None,55ac2263-bc85-4121-947f-d61212f912f0,1660282333.094122,1660282334.6727245,worker-958c7bb4d-q8l8z,192.168.75.77,11,SAVED_DATA
0,gridlabd-4/taxonomy-1/R2-12470-1.glm,None,fc77b56a-4c0a-4366-8455-7aa914208e0d,1660282334.5095992,1660282336.417496,worker-958c7bb4d-m24bg,192.168.25.179,11,SAVED_DATA
0,gridlabd-4/taxonomy-1/R2-12470-2.glm,None,f4acfd19-6ab0-4145-ac9b-8dbffbb006e2,1660282334.7460797,1660282336.506993,worker-958c7bb4d-q8l8z,192.168.75.77,11,SAVED_DATA
0,PG&E/TMP0009.glm,None,d9f01d88-7931-4cef-9df8-92776a5bbea2,1660282316.4580643,1660282336.967068,worker-958c7bb4d-4skc7,192.168.63.107,11,SAVED_DATA
0,gridlabd-4/IEEE-1/37.glm,None,4262b206-b648-4b23-b4d7-899f34425eed,1660282337.0275276,1660282337.3316078,worker-958c7bb4d-4skc7,192.168.63.107,11,SYSTEM_ERROR
0,gridlabd-4/taxonomy-1/R4-12470-1.glm,None,b560cd8b-eb76-4136-a4d7-e5c695e1d0d2,1660282336.493656,1660282340.2267156,worker-958c7bb4d-m24bg,192.168.25.179,11,SAVED_DATA
0,gridlabd-4/taxonomy-1/R2-12470-3.glm,None,b9f6857c-5521-49d4-b408-17ee0fc9c87f,1660282336.578166,1660282340.5333354,worker-958c7bb4d-q8l8z,192.168.75.77,11,SAVED_DATA
0,gridlabd-4/IEEE/342.glm,None,7242ccce-5103-4c33-be45-76a2a5c3e978,1660282337.390091,1660282341.121595,worker-958c7bb4d-4skc7,192.168.63.107,11,SAVED_DATA
0,gridlabd-4/IEEE/37.glm,None,85645c4e-f6da-4ef9-aa37-45a966f84959,1660282341.178039,1660282341.446315,worker-958c7bb4d-4skc7,192.168.63.107,11,SYSTEM_ERROR
0,gridlabd-4/PG&E/TMP0009.glm,None,4677ab14-51c2-4728-8a0f-ddb81bcb1519,1660282320.9697998,1660282341.603166,worker-958c7bb4d-m24bg,192.168.25.179,10,SAVED_DATA
0,gridlabd-4/taxonomy-1/R4-25000-3.glm,None,79a51088-f561-41ef-966a-642c8533113f,1660282340.2868102,1660282341.8657632,worker-958c7bb4d-m24bg,192.168.25.179,11,SAVED_DATA
0,gridlabd-4/taxonomy-1/R5-12470-2.glm,None,913205df-d537-4abc-974f-69e6e5d60d3f,1660282341.6540442,1660282343.3090482,worker-958c7bb4d-m24bg,192.168.25.179,10,SAVED_DATA
0,gridlabd-4/taxonomy-1/R5-35000-7.glm,None,4958df17-0b7c-4f12-b5a4-1b6a47a7a85d,1660282341.921889,1660282343.9005673,worker-958c7bb4d-m24bg,192.168.25.179,11,SAVED_DATA
0,gridlabd-5/IEEE/37.glm,None,ce27edbf-8da2-418b-9fd0-5a9c3dee836c,1660282343.9577148,1660282344.3758373,worker-958c7bb4d-m24bg,192.168.25.179,11,SYSTEM_ERROR
0,gridlabd-4/PG&E-1/D0001.glm,None,50f7a539-07a4-43f7-a0f1-f63e6838a9c5,1660282341.510002,1660282344.636653,worker-958c7bb4d-4skc7,192.168.63.107,11,SAVED_DATA
0,gridlabd-4/taxonomy/R5-12470-4.glm,None,7efec32f-6931-4bfe-bf82-f243b81b6f2b,1660282343.3656876,1660282345.6723588,worker-958c7bb4d-m24bg,192.168.25.179,10,SAVED_DATA
0,PG&E/MC0006.glm,None,6bda8982-17b5-44fb-9d71-c9446e9a7336,1660282248.1217177,1660282346.6569414,worker-958c7bb4d-4skc7,192.168.63.107,10,SAVED_DATA
0,gridlabd-4/taxonomy/R3-12470-3.glm,None,9f198ab1-bd9c-4752-b2c7-faca35cec675,1660282326.4015572,1660282347.2503872,worker-958c7bb4d-ft7sm,192.168.25.152,10,SAVED_DATA
0,gridlabd-4/taxonomy/R5-12470-3.glm,None,96cd6c95-a865-40a0-9b6a-31f729c8276f,1660282333.645991,1660282348.6978772,worker-958c7bb4d-ft7sm,192.168.25.152,11,SAVED_DATA
0,gridlabd-5/PG&E/BR0015.glm,None,5eef1fc1-a592-41a9-af18-3cfc58c89ba4,1660282344.4455528,1660282350.8893173,worker-958c7bb4d-m24bg,192.168.25.179,11,SAVED_DATA
0,gridlabd-4/taxonomy/R5-12470-5.glm,None,088ef264-1442-4b81-a608-a8c2711d37f0,1660282347.3052526,1660282351.3436084,worker-958c7bb4d-ft7sm,192.168.25.152,10,SAVED_DATA
0,gridlabd-4/taxonomy/R5-25000-6.glm,None,73c8cc34-bb8f-4025-82ac-5cef52b30616,1660282348.7601287,1660282352.4313264,worker-958c7bb4d-ft7sm,192.168.25.152,11,SAVED_DATA
0,gridlabd-4/taxonomy/R5-35000-7.glm,None,f16fe162-90ca-40a7-a7a1-71ffbbf050bc,1660282351.4112551,1660282353.3718872,worker-958c7bb4d-ft7sm,192.168.25.152,10,SAVED_DATA
0,gridlabd-5/IEEE/123.glm,None,62228025-7fbe-4893-8495-02da71625994,1660282352.4807785,1660282353.6573052,worker-958c7bb4d-ft7sm,192.168.25.152,11,SAVED_DATA
0,gridlabd-4/PG&E-1/OC0001.glm,None,3f2bdce4-88d6-40bc-a6ce-977926ac0cfa,1660282344.6941257,1660282355.239083,worker-958c7bb4d-4skc7,192.168.63.107,11,SAVED_DATA
0,gridlabd-5/IEEE/342.glm,None,30c41e3f-9735-40da-98c2-15031df3effa,1660282353.435321,1660282357.040604,worker-958c7bb4d-ft7sm,192.168.25.152,10,SAVED_DATA
0,gridlabd-4/taxonomy-1/R3-12470-3.glm,None,23beee8d-974a-412f-888a-c0df0d514a3c,1660282340.5942137,1660282360.885958,worker-958c7bb4d-q8l8z,192.168.75.77,11,SAVED_DATA
0,gridlabd-5/IEEE/8500.glm,None,9bb468eb-a540-4568-9cd9-1b638cfcc194,1660282353.7116284,1660282363.214151,worker-958c7bb4d-ft7sm,192.168.25.152,11,SAVED_DATA
0,gridlabd-4/taxonomy/R1-12470-1.glm,None,bc8df1bf-2277-4abf-9280-00a0c49d69fd,1660282360.966701,1660282365.1113927,worker-958c7bb4d-q8l8z,192.168.75.77,11,SAVED_DATA
0,gridlabd-4/PG&E/OC0001.glm,None,c40993ec-3c01-4b6b-91d1-29876daa5b2f,1660282355.3021433,1660282365.914451,worker-958c7bb4d-4skc7,192.168.63.107,11,SAVED_DATA
0,gridlabd-5/PG&E/D0001.glm,None,487cd651-0e2a-4b27-859c-b54ef84aa6b0,1660282363.2828927,1660282366.4814603,worker-958c7bb4d-ft7sm,192.168.25.152,11,SAVED_DATA
0,gridlabd-4/taxonomy/R3-12470-2.glm,None,3b6db993-d8f6-4370-ba78-5d71c318e90f,1660282365.176213,1660282366.5554454,worker-958c7bb4d-q8l8z,192.168.75.77,11,SAVED_DATA
0,gridlabd-5/IEEE/13.glm,None,344ceec0-63fa-48f7-9a18-629aa8a712fd,1660282366.6228209,1660282367.6871245,worker-958c7bb4d-q8l8z,192.168.75.77,11,SAVED_DATA
0,gridlabd-5/taxonomy/R3-12470-2.glm,None,6c46c807-c224-4c1d-8056-6cbbe34a5aff,1660282366.528,1660282367.855776,worker-958c7bb4d-ft7sm,192.168.25.152,11,SAVED_DATA
0,gridlabd-5/PG&E/AT0001.glm,None,a34434a6-604b-4588-8778-e63f41b047bf,1660282357.0872633,1660282369.4232647,worker-958c7bb4d-ft7sm,192.168.25.152,10,SAVED_DATA
0,gridlabd-4/taxonomy/R4-12470-1.glm,None,f714578e-3fe5-4755-a542-45b81f6e00b4,1660282365.9699676,1660282369.7366025,worker-958c7bb4d-4skc7,192.168.63.107,11,SAVED_DATA
0,gridlabd-5/taxonomy/R4-12470-2.glm,None,21eb044e-a8f6-4447-a5c0-129201711096,1660282369.5014613,1660282371.2292328,worker-958c7bb4d-ft7sm,192.168.25.152,10,SAVED_DATA
0,gridlabd-4/PG&E-1/MC0006.glm,None,4ee75cbf-99f2-4a5f-bc93-e9492e5ab113,1660282274.9498942,1660282372.6715631,worker-958c7bb4d-q8l8z,192.168.75.77,10,SAVED_DATA
0,gridlabd-5/taxonomy/R4-25000-3.glm,None,a78ca446-cbaa-4196-bcbf-0277c0f038ce,1660282371.2850237,1660282372.8553715,worker-958c7bb4d-ft7sm,192.168.25.152,10,SAVED_DATA
0,gridlabd-5/taxonomy/R5-12470-1.glm,None,067d929c-1a84-470b-be9a-4a638b34e901,1660282372.9128647,1660282374.7426603,worker-958c7bb4d-ft7sm,192.168.25.152,10,SAVED_DATA
0,gridlabd-5/PG&E/BU0001.glm,None,fdb17ae7-75c8-4e91-88e9-0b46b2daf190,1660282372.7449985,1660282376.3633158,worker-958c7bb4d-q8l8z,192.168.75.77,10,SAVED_DATA
0,gridlabd-5/taxonomy/R5-12470-2.glm,None,4379098b-99c4-4e88-a58c-3aa5e6718e92,1660282374.8023524,1660282376.538429,worker-958c7bb4d-ft7sm,192.168.25.152,10,SAVED_DATA
0,gridlabd-5/taxonomy/R5-12470-4.glm,None,19182967-4044-42b5-be84-0edb4eecad83,1660282376.5888972,1660282378.8411272,worker-958c7bb4d-ft7sm,192.168.25.152,10,SAVED_DATA
0,gridlabd-5/PG&E/OC0001.glm,None,286fb326-e00e-4e00-8a12-824d5cdcde8a,1660282369.7920332,1660282380.3796542,worker-958c7bb4d-4skc7,192.168.63.107,11,SAVED_DATA
0,gridlabd-5/taxonomy/R5-25000-6.glm,None,2bebf8a2-056e-4b8d-b9cd-472389ac29d8,1660282378.8972495,1660282382.513167,worker-958c7bb4d-ft7sm,192.168.25.152,10,SAVED_DATA
0,taxonomy-1/R1-12470-2.glm,None,f0e38914-f683-4d2d-a4a7-cfe0829cb5a6,1660282382.5700097,1660282384.6142092,worker-958c7bb4d-ft7sm,192.168.25.152,10,SAVED_DATA
0,gridlabd-5/PG&E/AL0001.glm,None,a53100b5-ab20-457a-979a-bba2798e3e0c,1660282367.7805822,1660282384.9687138,worker-958c7bb4d-q8l8z,192.168.75.77,11,SAVED_DATA
0,taxonomy-1/R1-25000-5.glm,None,1ebb0484-dd1a-424e-bb9e-bbed188e29ca,1660282384.688369,1660282386.2592263,worker-958c7bb4d-ft7sm,192.168.25.152,10,SAVED_DATA
0,gridlabd-5/PG&E/HL0004.glm,None,e0cc6ecf-4b92-4dae-ac45-4ed775b37df8,1660282345.7295368,1660282386.4149919,worker-958c7bb4d-m24bg,192.168.25.179,10,SAVED_DATA
0,gridlabd-5/PG&E/PL0001.glm,None,976c75e5-5d81-49cd-8cbb-d904491344c5,1660282380.437699,1660282387.336691,worker-958c7bb4d-4skc7,192.168.63.107,11,SAVED_DATA
0,gridlabd-5/PG&E/MO0001.glm,None,6c7b9116-814d-4333-8be7-6a812a933f89,1660282385.0401285,1660282387.9882102,worker-958c7bb4d-q8l8z,192.168.75.77,11,SAVED_DATA
0,taxonomy-1/R2-12470-1.glm,None,96589e0c-1a6e-4093-8a1f-a8ef2f839dfb,1660282386.3154533,1660282388.2405238,worker-958c7bb4d-ft7sm,192.168.25.152,10,SAVED_DATA
0,gridlabd-5/taxonomy/R3-12470-3.glm,None,256c0fa3-cfaa-48f9-843b-cb0d8ac88b98,1660282367.9121933,1660282388.5298867,worker-958c7bb4d-ft7sm,192.168.25.152,11,SAVED_DATA
0,gridlabd-5/taxonomy/R1-12470-2.glm,None,c88ba98c-df81-4a80-bf8a-569f5e1cbc6b,1660282387.390299,1660282389.392662,worker-958c7bb4d-4skc7,192.168.63.107,11,SAVED_DATA
0,gridlabd-5/taxonomy/R1-12470-3.glm,None,635d05ec-9373-4f57-9c97-7035b6028d25,1660282389.4496994,1660282390.6202643,worker-958c7bb4d-4skc7,192.168.63.107,11,SAVED_DATA
0,gridlabd-5/taxonomy/R1-12470-1.glm,None,5fa4e692-f184-450b-a874-9bdbe226b206,1660282388.1062548,1660282392.272289,worker-958c7bb4d-q8l8z,192.168.75.77,11,SAVED_DATA
0,taxonomy-1/R2-12470-3.glm,None,89a8d387-7e3c-43fd-8cc9-9bbb1e65c319,1660282388.2961583,1660282392.308109,worker-958c7bb4d-ft7sm,192.168.25.152,10,SAVED_DATA
0,gridlabd-5/taxonomy/R2-25000-4.glm,None,66e9fd5e-f830-4c01-b6d1-43acadf5cdce,1660282390.6776865,1660282392.6965022,worker-958c7bb4d-4skc7,192.168.63.107,11,SAVED_DATA
0,taxonomy-1/R2-35000-5.glm,None,a3723efb-e277-46dc-ab24-b310cf591a54,1660282388.5764198,1660282393.0433748,worker-958c7bb4d-ft7sm,192.168.25.152,11,SAVED_DATA
0,taxonomy-1/R3-12470-1.glm,None,0c35eed7-ca29-497f-ac84-fc1557367b6e,1660282392.388954,1660282395.9408002,worker-958c7bb4d-ft7sm,192.168.25.152,10,SAVED_DATA
0,gridlabd-5/taxonomy/R3-12470-1.glm,None,fc52231f-8ec5-4a41-8699-9dbf3966cfe0,1660282392.7536473,1660282396.3273473,worker-958c7bb4d-4skc7,192.168.63.107,11,SAVED_DATA
0,gridlabd-5/taxonomy/R5-12470-5.glm,None,ddbbb09d-99b4-4e0b-9d5c-931a701d85e0,1660282392.3365793,1660282396.351368,worker-958c7bb4d-q8l8z,192.168.75.77,11,SAVED_DATA
0,gridlabd-5/taxonomy/R5-35000-7.glm,None,0dac53e1-c7d7-4cc4-a5a5-c2ea075fdb58,1660282396.4142172,1660282398.389057,worker-958c7bb4d-q8l8z,192.168.75.77,11,SAVED_DATA
0,taxonomy-1/R1-12470-3.glm,None,7d35830b-4ba9-4ebe-947b-70802ed93139,1660282398.4661345,1660282399.6573787,worker-958c7bb4d-q8l8z,192.168.75.77,11,SAVED_DATA
0,taxonomy-1/R4-12470-1.glm,None,632d31d0-d527-4b97-ac59-4eeeab058fe2,1660282395.986831,1660282399.7448108,worker-958c7bb4d-ft7sm,192.168.25.152,10,SAVED_DATA
0,taxonomy-1/R1-12470-4.glm,None,7ed9c72d-95e2-460d-9a3d-0a5ff02444f0,1660282399.726386,1660282401.2533963,worker-958c7bb4d-q8l8z,192.168.75.77,11,SAVED_DATA
1,taxonomy-1/R4-25000-3.glm,None,2a5296c8-abd9-40f4-9c00-22ff665f79e7,1660282399.8057659,1660282401.3290503,worker-958c7bb4d-ft7sm,192.168.25.152,10,SAVED_DATA
0,gridlabd-5/PG&E/MC0001.glm,None,39ca0a09-2bb8-4dc2-ab62-3e3a2f888b90,1660282376.4337442,1660282403.006817,worker-958c7bb4d-q8l8z,192.168.75.77,10,SAVED_DATA
0,taxonomy-1/R5-12470-1.glm,None,71ad1ee4-b0d0-4601-a18a-599262e4122b,1660282401.3912966,1660282403.273741,worker-958c7bb4d-ft7sm,192.168.25.152,10,SAVED_DATA
0,taxonomy-1/R2-25000-4.glm,None,99c71325-a455-496d-a0c9-c78eca87a70a,1660282401.3223083,1660282403.352935,worker-958c7bb4d-q8l8z,192.168.75.77,11,SAVED_DATA
0,taxonomy-1/R3-12470-2.glm,None,da833784-b72a-4c85-a3cd-910c326063c9,1660282403.0698571,1660282404.5293458,worker-958c7bb4d-q8l8z,192.168.75.77,10,SAVED_DATA
0,taxonomy-1/R5-12470-2.glm,None,426fcc82-922a-472b-b96b-7c8ec946bbd5,1660282403.4182456,1660282405.1988983,worker-958c7bb4d-q8l8z,192.168.75.77,11,SAVED_DATA
0,taxonomy/R1-12470-4.glm,None,90193dfe-654c-447c-8f83-bcb45907a7c5,1660282405.285838,1660282406.7730932,worker-958c7bb4d-q8l8z,192.168.75.77,11,SAVED_DATA
0,gridlabd-5/PG&E/TMP0009.glm,None,7f698c3b-a62c-4d55-b57f-40e95e24c10a,1660282386.470423,1660282407.3165498,worker-958c7bb4d-m24bg,192.168.25.179,10,SAVED_DATA
0,taxonomy-1/R5-25000-6.glm,None,4e78d885-f098-4a0f-9674-12a546e59d0e,1660282404.6219673,1660282408.2183666,worker-958c7bb4d-q8l8z,192.168.75.77,10,SAVED_DATA
0,gridlabd-5/taxonomy/R1-12470-4.glm,None,6dc15981-3169-43a1-8566-da26c07c7495,1660282407.3713129,1660282408.9526982,worker-958c7bb4d-m24bg,192.168.25.179,10,SAVED_DATA
0,gridlabd-5/taxonomy/R1-25000-5.glm,None,6b86eb63-31d7-4b6e-a0b2-f3f6381e394a,1660282409.0142753,1660282410.55641,worker-958c7bb4d-m24bg,192.168.25.179,10,SAVED_DATA
0,taxonomy/R2-35000-5.glm,None,ef056935-839c-43ff-96a5-34104cfe7d7e,1660282406.8581283,1660282411.3783658,worker-958c7bb4d-q8l8z,192.168.75.77,11,SAVED_DATA
1,gridlabd-5/taxonomy/R5-12470-3.glm,None,6e060615-92ec-4d79-b017-1641f8ee9881,1660282396.3738112,1660282411.386924,worker-958c7bb4d-4skc7,192.168.63.107,11,SAVED_DATA
0,taxonomy/R3-12470-1.glm,None,a2ff92cd-2a96-4816-8147-64f8ee7b5fe5,1660282408.3014483,1660282411.9054544,worker-958c7bb4d-q8l8z,192.168.75.77,10,SAVED_DATA
0,gridlabd-5/taxonomy/R2-12470-1.glm,None,0dc6e1ca-5c61-4395-abf4-dad8a8b9017d,1660282410.6180186,1660282412.4454243,worker-958c7bb4d-m24bg,192.168.25.179,10,SAVED_DATA
0,taxonomy/R3-12470-2.glm,None,3d133075-6bd9-443d-aba7-78fa87dd9df3,1660282411.4337897,1660282412.7916424,worker-958c7bb4d-q8l8z,192.168.75.77,11,SAVED_DATA
0,taxonomy-1/R3-12470-3.glm,None,f5ca64dd-b93a-4965-a587-515bb430c353,1660282393.0934584,1660282413.8565445,worker-958c7bb4d-ft7sm,192.168.25.152,11,SAVED_DATA
0,gridlabd-5/taxonomy/R2-12470-2.glm,None,717929cf-8d7e-46d6-98df-34b514f9118d,1660282412.5018854,1660282414.2763164,worker-958c7bb4d-m24bg,192.168.25.179,10,SAVED_DATA
0,taxonomy/R4-25000-3.glm,None,d1d43061-b2a8-43ad-bb05-ada9130c7f63,1660282412.8621573,1660282414.3834884,worker-958c7bb4d-q8l8z,192.168.75.77,11,SAVED_DATA
0,taxonomy/R4-12470-1.glm,None,6acb426f-9a9f-4275-a488-8b2fee248586,1660282412.0221207,1660282415.632826,worker-958c7bb4d-q8l8z,192.168.75.77,10,SAVED_DATA
0,taxonomy-1/R1-12470-1.glm,None,a92771eb-f3d5-44c8-bc98-dd30cd3b4bef,1660282411.4420435,1660282415.6866498,worker-958c7bb4d-4skc7,192.168.63.107,11,SAVED_DATA
0,taxonomy-1/R5-35000-7.glm,None,7c149cc1-c1aa-469e-a6b7-8b94f272c390,1660282413.932204,1660282415.9394631,worker-958c7bb4d-ft7sm,192.168.25.152,11,SAVED_DATA
0,taxonomy/R5-12470-2.glm,None,10480dee-1e22-490d-b8e9-de3fd7779ecd,1660282414.4417713,1660282416.1359358,worker-958c7bb4d-q8l8z,192.168.75.77,11,SAVED_DATA
0,taxonomy-1/R2-12470-2.glm,None,ad8636da-3221-4486-ac07-2e63d3f55fb5,1660282415.742056,1660282417.452767,worker-958c7bb4d-4skc7,192.168.63.107,11,SAVED_DATA
0,gridlabd-5/taxonomy/R2-12470-3.glm,None,c1e5e473-0fd0-4cbf-b10e-fcca789112fd,1660282414.337895,1660282418.3145142,worker-958c7bb4d-m24bg,192.168.25.179,10,SAVED_DATA
0,taxonomy/R5-12470-4.glm,None,cfd0ff02-6b01-455f-ae6c-8fdaeaf62249,1660282416.2005885,1660282418.4281244,worker-958c7bb4d-q8l8z,192.168.75.77,11,SAVED_DATA
0,taxonomy-1/R5-12470-3.glm,None,33895559-e188-4870-a43a-af94a4d61a30,1660282403.3405328,1660282418.4307446,worker-958c7bb4d-ft7sm,192.168.25.152,10,SAVED_DATA
0,taxonomy-1/R4-12470-2.glm,None,da9567e2-d314-4b82-a8fc-1c4a294d1265,1660282417.5061097,1660282419.198703,worker-958c7bb4d-4skc7,192.168.63.107,11,SAVED_DATA
0,taxonomy/R1-25000-5.glm,None,9a793faf-62b9-433c-85c8-bec3dc9a2a2a,1660282418.5023077,1660282420.013759,worker-958c7bb4d-ft7sm,192.168.25.152,10,SAVED_DATA
0,taxonomy/R1-12470-1.glm,None,40890493-e124-4023-bf46-b94482fefbd7,1660282415.9967098,1660282420.1836207,worker-958c7bb4d-ft7sm,192.168.25.152,11,SAVED_DATA
0,taxonomy/R2-12470-2.glm,None,947b4c3a-7f80-4add-88ba-b26908e49901,1660282420.0560699,1660282421.7827592,worker-958c7bb4d-ft7sm,192.168.25.152,10,SAVED_DATA
0,taxonomy/R5-12470-5.glm,None,9a08d617-689a-472d-bf5a-a585e066c5d1,1660282418.5129905,1660282422.503932,worker-958c7bb4d-q8l8z,192.168.75.77,11,SAVED_DATA
0,gridlabd-5/taxonomy/R2-35000-5.glm,None,ccdb5c77-1c64-42ab-827e-2487b754c063,1660282418.3704493,1660282422.942067,worker-958c7bb4d-m24bg,192.168.25.179,10,SAVED_DATA
0,taxonomy-1/R5-12470-5.glm,None,4b6cb701-d03d-4ac5-8a9e-064451f3984e,1660282419.258475,1660282423.36241,worker-958c7bb4d-4skc7,192.168.63.107,11,SAVED_DATA
0,taxonomy/R2-12470-3.glm,None,5509aedf-8b08-4980-9a88-67ee2283aa26,1660282420.2325974,1660282424.3248098,worker-958c7bb4d-ft7sm,192.168.25.152,11,SAVED_DATA
0,taxonomy/R5-35000-7.glm,None,0cb7d9f9-52e5-4e2f-8f64-d8b88eed9eda,1660282422.5781069,1660282424.4983072,worker-958c7bb4d-q8l8z,192.168.75.77,11,SAVED_DATA
0,taxonomy/R1-12470-2.glm,None,fbf536e7-3c8b-4379-b9bc-577aaa7ca414,1660282423.422166,1660282425.3898902,worker-958c7bb4d-4skc7,192.168.63.107,11,SAVED_DATA
0,taxonomy/R4-12470-2.glm,None,2d851664-1568-4307-9176-7fa1ac3e2e06,1660282424.3747709,1660282426.066718,worker-958c7bb4d-ft7sm,192.168.25.152,11,SAVED_DATA
0,gridlabd-5/taxonomy/R4-12470-1.glm,None,60148752-d487-4ca8-ba12-37a3e8489513,1660282422.997807,1660282426.5546803,worker-958c7bb4d-m24bg,192.168.25.179,10,SAVED_DATA
0,taxonomy/R1-12470-3.glm,None,503a787c-2f69-402c-ade7-822b3c1dabc7,1660282425.4500506,1660282426.6347442,worker-958c7bb4d-4skc7,192.168.63.107,11,SAVED_DATA
0,taxonomy/R5-12470-1.glm,None,e239796d-aeee-4185-aec5-2e612a4637f8,1660282426.123976,1660282427.891848,worker-958c7bb4d-ft7sm,192.168.25.152,11,SAVED_DATA
0,taxonomy/R2-12470-1.glm,None,06b30b55-3d73-46ea-a59b-d1f48d336aa1,1660282426.6908956,1660282428.499462,worker-958c7bb4d-4skc7,192.168.63.107,11,SAVED_DATA
0,taxonomy-1/R5-12470-4.glm,None,067e4c64-6bb9-48af-81c0-c149f917f5b2,1660282426.6093159,1660282428.8519616,worker-958c7bb4d-m24bg,192.168.25.179,10,SAVED_DATA
0,taxonomy/R5-12470-3.glm,None,fddaca0a-a778-4a37-943f-f101eeff8cc9,1660282415.686121,1660282430.2837372,worker-958c7bb4d-q8l8z,192.168.75.77,10,SAVED_DATA
0,taxonomy/R2-25000-4.glm,None,762fb6b9-34c8-4afd-b105-a9643f15cec2,1660282428.5444617,1660282430.584133,worker-958c7bb4d-4skc7,192.168.63.107,11,SAVED_DATA
0,taxonomy/R5-25000-6.glm,None,c6503584-7e22-462e-b795-faeddded1ee6,1660282428.919077,1660282432.5544074,worker-958c7bb4d-m24bg,192.168.25.179,10,SAVED_DATA
0,gridlabd-4/PG&E/MC0006.glm,None,301b0490-4d7a-4268-a621-8b38e27a17ed,1660282346.7179239,1660282444.6480966,worker-958c7bb4d-4skc7,192.168.63.107,10,SAVED_DATA
0,taxonomy/R3-12470-3.glm,None,561c6ff0-6e92-4c2d-aa1e-32d33d88228b,1660282421.8440504,1660282442.2466154,worker-958c7bb4d-ft7sm,192.168.25.152,10,SAVED_DATA
0,gridlabd-5/PG&E/MC0006.glm,None,6e6e1d36-2d4a-462b-858e-0d1e01ca1315,1660282350.9578311,1660282448.701047,worker-958c7bb4d-m24bg,192.168.25.179,11,SAVED_DATA
